{"type":"FeatureCollection","features":[{"type":"Feature","geometry":{"type":"MultiPolygon","coordinates":[[[[-4.89,43.24],[-4.85,43.13],[-4.77,43.08],[-4.64,43.02],[-4.56,43.02],[-4.48,43.04],[-4.4,43.04],[-4.35,42.97],[-4.24,42.96],[-4.22,42.86],[-4.13,42.85],[-4.05,42.77],[-3.91,42.77],[-3.82,42.8],[-3.86,42.89],[-3.97,42.91],[-3.94,43.01],[-3.85,43.04],[-3.76,43.08],[-3.65,43.18],[-3.44,43.13],[-3.25,43.2],[-3.15,43.17],[-3.14,43.03],[-3.06,43],[-2.98,42.94],[-3.09,42.9],[-3.22,42.95],[-3.28,42.88],[-3.21,42.83],[-3.11,42.89],[-3.16,42.81],[-3.05,42.77],[-2.98,42.7],[-2.9,42.66],[-3.08,42.64],[-3.13,42.54],[-3.05,42.45],[-3.06,42.37],[-3.09,42.25],[-3.03,42.09],[-2.93,42.09],[-2.8,42.05],[-2.73,42.13],[-2.76,42.03],[-2.58,42],[-2.51,42.12],[-2.32,42.15],[-2.21,42.11],[-2.13,42.1],[-2.11,42],[-2.04,41.94],[-1.86,41.97],[-1.82,41.85],[-1.81,41.76],[-1.86,41.66],[-1.92,41.6],[-1.98,41.49],[-2.03,41.38],[-2.1,41.45],[-2.16,41.36],[-2.15,41.18],[-2.07,41.1],[-2.17,41.08],[-2.26,41.07],[-2.35,41.09],[-2.47,41.08],[-2.54,41.16],[-2.62,41.19],[-2.71,41.25],[-2.82,41.26],[-2.89,41.33],[-3.06,41.27],[-3.2,41.3],[-3.34,41.25],[-3.44,41.22],[-3.52,41.16],[-3.61,41.15],[-3.68,41.09],[-3.78,41],[-3.91,40.96],[-3.95,40.89],[-3.98,40.78],[-4.08,40.79],[-4.17,40.68],[-4.24,40.6],[-4.33,40.53],[-4.34,40.43],[-4.42,40.41],[-4.5,40.32],[-4.57,40.26],[-4.65,40.2],[-4.7,40.28],[-4.8,40.28],[-4.92,40.17],[-5.01,40.11],[-5.17,40.09],[-5.32,40.11],[-5.37,40.22],[-5.47,40.21],[-5.61,40.22],[-5.69,40.29],[-5.79,40.29],[-5.88,40.33],[-5.97,40.29],[-6.11,40.36],[-6.16,40.46],[-6.27,40.46],[-6.37,40.4],[-6.54,40.35],[-6.67,40.26],[-6.76,40.24],[-6.85,40.25],[-6.79,40.33],[-6.83,40.41],[-6.79,40.51],[-6.79,40.66],[-6.83,40.75],[-6.83,40.84],[-6.86,40.95],[-6.81,41.04],[-6.75,41.1],[-6.7,41.18],[-6.65,41.25],[-6.52,41.28],[-6.44,41.31],[-6.39,41.39],[-6.3,41.43],[-6.26,41.51],[-6.19,41.58],[-6.3,41.66],[-6.44,41.69],[-6.55,41.69],[-6.52,41.87],[-6.59,41.97],[-6.7,41.93],[-6.77,41.98],[-6.94,41.94],[-6.96,42.03],[-6.99,42.12],[-6.9,42.19],[-6.79,42.22],[-6.74,42.3],[-6.84,42.4],[-6.83,42.49],[-6.93,42.52],[-7.08,42.51],[-7.03,42.58],[-7.04,42.7],[-6.96,42.76],[-6.87,42.79],[-6.81,42.87],[-6.72,42.92],[-6.49,42.92],[-6.42,42.99],[-6.36,43.06],[-6.28,43.04],[-6.18,43.05],[-6.1,43.03],[-6.02,43.06],[-5.91,42.99],[-5.8,42.96],[-5.73,43.04],[-5.57,43.02],[-5.49,43.02],[-5.39,43.05],[-5.28,43.08],[-5.15,43.12],[-5.08,43.18],[-5,43.17],[-4.89,43.24]],[[-4.32,40.65],[-4.32,40.65]]],[[[-2.83,42.79],[-2.73,42.8],[-2.64,42.77],[-2.56,42.76],[-2.58,42.67],[-2.77,42.67],[-2.87,42.74],[-2.83,42.79]]],[[[-4.1,42.82],[-4.1,42.82]]],[[[-2.93,42.59],[-2.93,42.59]]],[[[-4.17,42.81],[-4.17,42.81]]],[[[-2.99,42.61],[-2.99,42.61]]]]},"properties":{"name":"Castilla-Leon"}},{"type":"Feature","geometry":{"type":"MultiPolygon","coordinates":[[[[0.72,42.86],[0.86,42.83],[0.93,42.79],[1.08,42.79],[1.17,42.71],[1.36,42.72],[1.44,42.6],[1.47,42.51],[1.55,42.43],[1.66,42.47],[1.84,42.48],[1.94,42.45],[2.02,42.35],[2.15,42.42],[2.26,42.44],[2.43,42.39],[2.53,42.33],[2.67,42.34],[2.75,42.43],[2.84,42.46],[2.92,42.46],[3.04,42.47],[3.18,42.44],[3.2,42.34],[3.32,42.32],[3.25,42.25],[3.16,42.26],[3.12,42.13],[3.21,42.07],[3.23,41.95],[3.18,41.87],[3.06,41.79],[2.94,41.72],[2.82,41.69],[2.56,41.58],[2.37,41.49],[2.27,41.46],[2.2,41.39],[2.12,41.29],[1.94,41.26],[1.73,41.21],[1.51,41.18],[1.4,41.13],[1.3,41.13],[1.22,41.08],[1.12,41.08],[0.99,41.04],[0.86,40.95],[0.74,40.82],[0.83,40.73],[0.76,40.64],[0.7,40.58],[0.62,40.55],[0.71,40.59],[0.6,40.62],[0.52,40.52],[0.4,40.6],[0.28,40.63],[0.24,40.7],[0.16,40.75],[0.28,40.82],[0.24,40.89],[0.29,40.97],[0.22,41.04],[0.2,41.13],[0.29,41.16],[0.38,41.24],[0.35,41.33],[0.36,41.45],[0.45,41.54],[0.35,41.6],[0.39,41.74],[0.47,41.77],[0.56,41.85],[0.6,41.92],[0.64,42],[0.7,42.11],[0.77,42.32],[0.69,42.49],[0.77,42.61],[0.66,42.69],[0.67,42.8],[0.72,42.86]],[[0.74,40.64],[0.74,40.64]],[[3.29,42.33],[3.29,42.33]],[[3.21,42.07],[3.21,42.07]],[[3.24,42.34],[3.24,42.34]],[[3.2,42.08],[3.2,42.08]],[[3.22,41.93],[3.22,41.93]],[[3.08,41.82],[3.08,41.82]],[[3.05,41.78],[3.05,41.78]],[[3.17,42.11],[3.17,42.11]],[[3.15,41.86],[3.15,41.86]],[[3.3,42.33],[3.3,42.33]],[[2.89,41.7],[2.89,41.7]],[[3.22,41.92],[3.22,41.92]],[[3.27,42.34],[3.27,42.34]],[[0.71,40.64],[0.71,40.64]],[[3.05,41.78],[3.05,41.78]],[[3.3,42.33],[3.3,42.33]],[[3.06,41.79],[3.06,41.79]],[[3.21,41.91],[3.21,41.91]],[[3.3,42.29],[3.3,42.29]],[[3.29,42.33],[3.29,42.33]],[[3.2,42.09],[3.2,42.09]],[[3.3,42.33],[3.3,42.33]],[[3.21,41.9],[3.21,41.9]],[[3.21,42.07],[3.21,42.07]],[[3.05,41.78],[3.05,41.78]],[[3.14,41.85],[3.14,41.85]],[[3.14,41.85],[3.14,41.85]],[[3.09,41.83],[3.09,41.83]],[[3.26,42.34],[3.26,42.34]],[[3.21,41.91],[3.21,41.91]],[[3.06,41.79],[3.06,41.79]],[[3.23,41.95],[3.23,41.95]],[[3.21,41.9],[3.21,41.9]],[[3.1,41.84],[3.1,41.84]],[[3.22,41.92],[3.22,41.92]],[[3.17,42.43],[3.17,42.43]],[[3.14,41.85],[3.14,41.85]],[[3.19,41.89],[3.19,41.89]],[[3.16,42.12],[3.16,42.12]],[[3.3,42.28],[3.3,42.28]],[[3.17,41.86],[3.17,41.86]],[[3.05,41.79],[3.05,41.79]],[[3.08,41.82],[3.08,41.82]],[[3.21,41.91],[3.21,41.91]],[[3.19,41.89],[3.19,41.89]],[[3.08,41.82],[3.08,41.82]],[[3.05,41.79],[3.05,41.79]],[[3.24,42.34],[3.24,42.34]],[[3.3,42.33],[3.3,42.33]],[[3.2,41.89],[3.2,41.89]],[[3.05,41.79],[3.05,41.79]],[[3.22,41.97],[3.22,41.97]],[[3.23,41.95],[3.23,41.95]],[[3.15,41.86],[3.15,41.86]],[[3.08,41.82],[3.08,41.82]],[[3.3,42.29],[3.3,42.29]],[[3.28,42.33],[3.28,42.33]],[[3.09,41.83],[3.09,41.83]],[[3.08,41.82],[3.08,41.82]],[[3.14,41.86],[3.14,41.86]],[[3.21,41.9],[3.21,41.9]],[[3.18,42.1],[3.18,42.1]],[[3.31,42.32],[3.31,42.32]],[[3.05,41.79],[3.05,41.79]],[[3.19,41.89],[3.19,41.89]],[[3.22,41.92],[3.22,41.92]],[[3.21,41.91],[3.21,41.91]],[[3.03,41.78],[3.03,41.78]],[[3.18,42.11],[3.18,42.11]],[[3.27,42.34],[3.27,42.34]],[[3.09,41.83],[3.09,41.83]],[[3.05,41.78],[3.05,41.78]],[[3.05,41.79],[3.05,41.79]],[[3.14,41.86],[3.14,41.86]],[[3.21,41.91],[3.21,41.91]],[[3.22,41.94],[3.22,41.94]],[[3.3,42.33],[3.3,42.33]],[[3.2,41.9],[3.2,41.9]],[[3.19,42.1],[3.19,42.1]],[[3.17,41.86],[3.17,41.86]],[[3.24,42.34],[3.24,42.34]],[[2.89,41.7],[2.89,41.7]],[[3.17,41.86],[3.17,41.86]],[[3.21,41.9],[3.21,41.9]],[[3.17,42.43],[3.17,42.43]],[[3.2,41.89],[3.2,41.89]],[[3.17,41.86],[3.17,41.86]],[[3.09,41.83],[3.09,41.83]],[[3.24,42.34],[3.24,42.34]],[[3.17,41.86],[3.17,41.86]],[[3.23,41.96],[3.23,41.96]],[[3.17,41.86],[3.17,41.86]],[[3.09,41.84],[3.09,41.84]],[[3.17,41.86],[3.17,41.86]],[[3.19,41.89],[3.19,41.89]],[[3.17,41.86],[3.17,41.86]],[[3.1,41.84],[3.1,41.84]],[[3.23,42.25],[3.23,42.25]],[[3.15,41.86],[3.15,41.86]],[[3.08,41.83],[3.08,41.83]],[[3.22,41.94],[3.22,41.94]],[[3.21,41.9],[3.21,41.9]],[[3.21,41.9],[3.21,41.9]],[[3.23,41.95],[3.23,41.95]],[[3.24,42.34],[3.24,42.34]],[[3.17,41.86],[3.17,41.86]],[[3.17,42.11],[3.17,42.11]],[[3.19,41.89],[3.19,41.89]],[[3.14,41.85],[3.14,41.85]],[[3.16,42.12],[3.16,42.12]],[[3.12,42.14],[3.12,42.14]],[[3.19,41.89],[3.19,41.89]],[[3.23,41.95],[3.23,41.95]],[[3.18,42.1],[3.18,42.1]],[[3.24,42.34],[3.24,42.34]],[[3.21,41.9],[3.21,41.9]],[[3.09,41.83],[3.09,41.83]],[[3.19,42.1],[3.19,42.1]],[[3.19,41.89],[3.19,41.89]],[[3.09,41.83],[3.09,41.83]],[[3.19,41.89],[3.19,41.89]],[[3.29,42.31],[3.29,42.31]],[[3.09,41.84],[3.09,41.84]],[[3.16,42.12],[3.16,42.12]],[[3.21,41.91],[3.21,41.91]],[[3.17,41.86],[3.17,41.86]],[[3.21,41.91],[3.21,41.91]],[[3.3,42.28],[3.3,42.28]],[[3.17,41.86],[3.17,41.86]],[[3.16,41.86],[3.16,41.86]],[[3.16,41.86],[3.16,41.86]],[[3.31,42.32],[3.31,42.32]],[[3.21,41.91],[3.21,41.91]],[[3.1,41.84],[3.1,41.84]],[[3.3,42.33],[3.3,42.33]],[[3.09,41.84],[3.09,41.84]],[[3.22,41.94],[3.22,41.94]],[[3.18,41.89],[3.18,41.89]],[[3.09,41.83],[3.09,41.83]],[[3.23,41.96],[3.23,41.96]],[[3.09,41.84],[3.09,41.84]],[[3.23,41.95],[3.23,41.95]],[[3.11,41.85],[3.11,41.85]],[[3.18,41.89],[3.18,41.89]],[[3.28,42.33],[3.28,42.33]],[[3.23,41.95],[3.23,41.95]],[[3.09,41.83],[3.09,41.83]],[[3.23,41.96],[3.23,41.96]],[[3.23,41.95],[3.23,41.95]],[[3.22,41.92],[3.22,41.92]],[[3.19,41.89],[3.19,41.89]],[[3.18,41.88],[3.18,41.88]],[[3.18,41.89],[3.18,41.89]],[[3.22,41.94],[3.22,41.94]],[[3.3,42.33],[3.3,42.33]],[[3.18,41.88],[3.18,41.88]],[[3.17,41.86],[3.17,41.86]],[[3.26,42.34],[3.26,42.34]],[[3.16,42.12],[3.16,42.12]],[[3.16,41.86],[3.16,41.86]],[[3.3,42.33],[3.3,42.33]],[[3.15,41.86],[3.15,41.86]],[[3.18,41.88],[3.18,41.88]],[[3.29,42.33],[3.29,42.33]],[[3.16,42.12],[3.16,42.12]],[[3.21,41.91],[3.21,41.91]]],[[[2,42.49],[2,42.49]]],[[[3.23,42.05],[3.23,42.05]],[[3.22,42.05],[3.22,42.05]]],[[[3.3,42.29],[3.3,42.29]],[[3.3,42.29],[3.3,42.29]]],[[[3.32,42.33],[3.32,42.33]]],[[[0.65,40.59],[0.65,40.59]]],[[[0.64,40.58],[0.64,40.58]]],[[[3.23,42.05],[3.23,42.05]]],[[[3.29,42.28],[3.29,42.28]]],[[[0.65,40.58],[0.65,40.58]]],[[[0.65,40.58],[0.65,40.58]]],[[[3.31,42.33],[3.31,42.33]]],[[[0.65,40.58],[0.65,40.58]]],[[[0.65,40.58],[0.65,40.58]]],[[[0.65,40.58],[0.65,40.58]]],[[[3.17,42.4],[3.17,42.4]]],[[[0.64,40.58],[0.64,40.58]]],[[[0.65,40.58],[0.65,40.58]]],[[[0.64,40.58],[0.64,40.58]]],[[[3.3,42.3],[3.3,42.3]]],[[[0.65,40.58],[0.65,40.58]]],[[[0.64,40.58],[0.64,40.58]]],[[[0.62,40.58],[0.62,40.58]]],[[[3.33,42.32],[3.33,42.32]]],[[[0.65,40.58],[0.65,40.58]]],[[[0.64,40.58],[0.64,40.58]]],[[[3.31,42.29],[3.31,42.29]]],[[[0.64,40.58],[0.64,40.58]]],[[[0.65,40.57],[0.65,40.57]]],[[[0.64,40.58],[0.64,40.58]]],[[[3.06,41.79],[3.06,41.79]]],[[[0.63,40.58],[0.63,40.58]]],[[[0.64,40.58],[0.64,40.58]]],[[[0.64,40.58],[0.64,40.58]]],[[[3.23,42.04],[3.23,42.04]]],[[[2.94,41.72],[2.94,41.72]]],[[[0.64,40.58],[0.64,40.58]]],[[[3.31,42.29],[3.31,42.29]]],[[[0.86,40.74],[0.86,40.74]]],[[[0.65,40.58],[0.65,40.58]]],[[[3.22,41.94],[3.22,41.94]]],[[[0.65,40.58],[0.65,40.58]]],[[[3.26,42.24],[3.26,42.24]]],[[[0.65,40.58],[0.65,40.58]]],[[[3.23,42.04],[3.23,42.04]]],[[[3.18,41.87],[3.18,41.87]]],[[[3.18,41.87],[3.18,41.87]]],[[[3.03,41.77],[3.03,41.77]]],[[[0.64,40.58],[0.64,40.58]]],[[[3.19,41.86],[3.19,41.86]]],[[[2.91,41.71],[2.91,41.71]]],[[[2.83,41.69],[2.83,41.69]]],[[[0.64,40.58],[0.64,40.58]]],[[[3.19,41.86],[3.19,41.86]]],[[[3.32,42.32],[3.32,42.32]]],[[[2.9,41.7],[2.9,41.7]]],[[[2.95,41.73],[2.95,41.73]]],[[[3.29,42.3],[3.29,42.3]]],[[[3.29,42.28],[3.29,42.28]]],[[[0.65,40.58],[0.65,40.58]]],[[[3.13,42.13],[3.13,42.13]]],[[[3.28,42.27],[3.28,42.27]]],[[[3.23,41.96],[3.23,41.96]]],[[[2.97,41.75],[2.97,41.75]]],[[[2.8,41.67],[2.8,41.67]]],[[[3.17,42.36],[3.17,42.36]]],[[[1.36,41.13],[1.36,41.13]]],[[[3.1,41.84],[3.1,41.84]]],[[[3.32,42.32],[3.32,42.32]]],[[[2.79,41.67],[2.79,41.67]]],[[[3.19,42.24],[3.19,42.24]]],[[[3.29,42.28],[3.29,42.28]]],[[[3.31,42.31],[3.31,42.31]]],[[[3.3,42.31],[3.3,42.31]]],[[[3.29,42.3],[3.29,42.3]]],[[[3.26,42.34],[3.26,42.34]]],[[[3.28,42.34],[3.28,42.34]]],[[[3.21,42.06],[3.21,42.06]]],[[[3.05,41.78],[3.05,41.78]]],[[[0.64,40.58],[0.64,40.58]]],[[[3.29,42.28],[3.29,42.28]]],[[[3.17,42.4],[3.17,42.4]]],[[[3.31,42.29],[3.31,42.29]]],[[[3.12,42.14],[3.12,42.14]]],[[[3.32,42.31],[3.32,42.31]]],[[[3.24,42.35],[3.24,42.35]]],[[[3.22,42.05],[3.22,42.05]]],[[[3.12,42.13],[3.12,42.13]]],[[[3.03,41.77],[3.03,41.77]]],[[[2.95,41.73],[2.95,41.73]]],[[[3.13,41.84],[3.13,41.84]]],[[[3.17,42.41],[3.17,42.41]]],[[[3.04,41.78],[3.04,41.78]]],[[[2.87,41.7],[2.87,41.7]]],[[[3.23,41.95],[3.23,41.95]]],[[[3.17,42.37],[3.17,42.37]]],[[[3.32,42.31],[3.32,42.31]]],[[[2.98,41.76],[2.98,41.76]]],[[[3.05,41.78],[3.05,41.78]]],[[[3.05,41.78],[3.05,41.78]]],[[[3.31,42.31],[3.31,42.31]]],[[[3.17,42.42],[3.17,42.42]]],[[[3.19,42.24],[3.19,42.24]]],[[[3.04,41.78],[3.04,41.78]]],[[[3.09,41.83],[3.09,41.83]]],[[[3.2,42.24],[3.2,42.24]]],[[[3.17,42.39],[3.17,42.39]]],[[[3.2,42.24],[3.2,42.24]]],[[[2.84,41.69],[2.84,41.69]]],[[[3.22,41.93],[3.22,41.93]]],[[[3.23,42.04],[3.23,42.04]]],[[[3.18,41.88],[3.18,41.88]]],[[[2.81,41.68],[2.81,41.68]]],[[[3.18,42.36],[3.18,42.36]]],[[[2.84,41.69],[2.84,41.69]]],[[[3.23,41.97],[3.23,41.97]]],[[[2.98,41.75],[2.98,41.75]]],[[[2.82,41.68],[2.82,41.68]]],[[[2.81,41.68],[2.81,41.68]]],[[[3.19,41.89],[3.19,41.89]]],[[[3.17,42.42],[3.17,42.42]]],[[[3.19,41.89],[3.19,41.89]]],[[[3.23,42.04],[3.23,42.04]]],[[[3.31,42.29],[3.31,42.29]]],[[[3.3,42.28],[3.3,42.28]]],[[[3.17,42.36],[3.17,42.36]]],[[[3.15,42.39],[3.15,42.39]]],[[[2.97,41.75],[2.97,41.75]]],[[[3.22,42.35],[3.22,42.35]]],[[[2.8,41.67],[2.8,41.67]]],[[[3.22,41.94],[3.22,41.94]]],[[[3.29,42.28],[3.29,42.28]]],[[[3.28,42.28],[3.28,42.28]]],[[[2.97,41.75],[2.97,41.75]]],[[[3.18,41.88],[3.18,41.88]]],[[[2.98,41.76],[2.98,41.76]]],[[[3.21,42.35],[3.21,42.35]]],[[[3.18,41.88],[3.18,41.88]]],[[[3.17,42.36],[3.17,42.36]]],[[[2.82,41.69],[2.82,41.69]]],[[[3.33,42.32],[3.33,42.32]]],[[[3.2,42.24],[3.2,42.24]]],[[[3.13,42.13],[3.13,42.13]]],[[[3.19,42.34],[3.19,42.34]]],[[[3.23,41.96],[3.23,41.96]]],[[[3.19,42.24],[3.19,42.24]]],[[[2.83,41.69],[2.83,41.69]]],[[[3.18,42.44],[3.18,42.44]]],[[[3.22,41.94],[3.22,41.94]]],[[[2.98,41.76],[2.98,41.76]]],[[[3.22,41.93],[3.22,41.93]]],[[[2.81,41.68],[2.81,41.68]]],[[[3.29,42.28],[3.29,42.28]]],[[[2.83,41.69],[2.83,41.69]]],[[[3.29,42.28],[3.29,42.28]]],[[[2.94,41.73],[2.94,41.73]]],[[[3.17,42.42],[3.17,42.42]]],[[[2.96,41.74],[2.96,41.74]]],[[[3.19,41.86],[3.19,41.86]]],[[[3.22,41.97],[3.22,41.97]]],[[[3.3,42.31],[3.3,42.31]]],[[[2.87,41.7],[2.87,41.7]]],[[[3.18,41.88],[3.18,41.88]]],[[[3.18,42.35],[3.18,42.35]]],[[[3.19,42.34],[3.19,42.34]]],[[[3.21,42.05],[3.21,42.05]]],[[[3.18,41.88],[3.18,41.88]]],[[[2.85,41.7],[2.85,41.7]]],[[[3.31,42.29],[3.31,42.29]]],[[[3.29,42.3],[3.29,42.3]]],[[[3.23,41.97],[3.23,41.97]]],[[[3.05,41.78],[3.05,41.78]]],[[[3.23,41.97],[3.23,41.97]]],[[[2.82,41.69],[2.82,41.69]]],[[[3.17,42.42],[3.17,42.42]]],[[[2.81,41.68],[2.81,41.68]]],[[[3.21,42.06],[3.21,42.06]]],[[[3.19,42.35],[3.19,42.35]]],[[[2.97,41.75],[2.97,41.75]]],[[[3.16,42.39],[3.16,42.39]]],[[[2.8,41.67],[2.8,41.67]]],[[[2.64,41.61],[2.64,41.61]]],[[[2.83,41.69],[2.83,41.69]]],[[[2.98,41.76],[2.98,41.76]]],[[[3.19,41.86],[3.19,41.86]]],[[[3.16,42.38],[3.16,42.38]]],[[[3.18,41.88],[3.18,41.88]]],[[[3.16,42.4],[3.16,42.4]]],[[[2.95,41.73],[2.95,41.73]]],[[[3.17,42.36],[3.17,42.36]]],[[[3.32,42.32],[3.32,42.32]]],[[[3,41.77],[3,41.77]]],[[[3,41.77],[3,41.77]]],[[[3,41.77],[3,41.77]]],[[[3.23,41.96],[3.23,41.96]]],[[[3.19,41.89],[3.19,41.89]]],[[[3.17,42.36],[3.17,42.36]]],[[[3.29,42.3],[3.29,42.3]]],[[[3.23,41.96],[3.23,41.96]]],[[[3.28,42.27],[3.28,42.27]]],[[[3.23,41.95],[3.23,41.95]]],[[[2.95,41.73],[2.95,41.73]]],[[[3.18,42.35],[3.18,42.35]]],[[[3.31,42.29],[3.31,42.29]]],[[[3.17,42.37],[3.17,42.37]]],[[[3.29,42.3],[3.29,42.3]]],[[[3.09,41.83],[3.09,41.83]]],[[[3.18,41.87],[3.18,41.87]]],[[[3,41.77],[3,41.77]]],[[[3.23,41.95],[3.23,41.95]]],[[[3.17,42.39],[3.17,42.39]]],[[[2.94,41.72],[2.94,41.72]]],[[[2.83,41.69],[2.83,41.69]]],[[[3.23,41.97],[3.23,41.97]]],[[[3.22,41.94],[3.22,41.94]]],[[[3.3,42.33],[3.3,42.33]]],[[[3.29,42.3],[3.29,42.3]]],[[[2.86,41.7],[2.86,41.7]]],[[[3.21,42.35],[3.21,42.35]]],[[[3.21,42.05],[3.21,42.05]]],[[[3.16,42.36],[3.16,42.36]]],[[[3.18,41.87],[3.18,41.87]]],[[[3.3,42.29],[3.3,42.29]]],[[[3.22,42.35],[3.22,42.35]]],[[[3.19,42.1],[3.19,42.1]]],[[[3.12,42.14],[3.12,42.14]]],[[[3.23,41.95],[3.23,41.95]]],[[[3.17,42.42],[3.17,42.42]]],[[[3.19,42.35],[3.19,42.35]]],[[[3.24,41.96],[3.24,41.96]]],[[[3.17,42.37],[3.17,42.37]]],[[[3.22,41.93],[3.22,41.93]]],[[[3.17,42.41],[3.17,42.41]]],[[[3.17,42.39],[3.17,42.39]]],[[[3.16,42.4],[3.16,42.4]]],[[[3.18,42.35],[3.18,42.35]]],[[[3.22,41.94],[3.22,41.94]]],[[[2.94,41.72],[2.94,41.72]]],[[[3.22,42.05],[3.22,42.05]]],[[[3.19,41.89],[3.19,41.89]]],[[[3.17,42.42],[3.17,42.42]]],[[[3.18,41.87],[3.18,41.87]]],[[[3.3,42.3],[3.3,42.3]]],[[[2.86,41.7],[2.86,41.7]]],[[[3.17,42.41],[3.17,42.41]]],[[[2.85,41.7],[2.85,41.7]]],[[[2.95,41.73],[2.95,41.73]]],[[[3.17,42.37],[3.17,42.37]]],[[[3.22,42.05],[3.22,42.05]]],[[[3.18,41.87],[3.18,41.87]]],[[[3.19,41.89],[3.19,41.89]]],[[[3.18,41.89],[3.18,41.89]]],[[[3.14,42.13],[3.14,42.13]]],[[[3.16,42.41],[3.16,42.41]]],[[[3.17,42.42],[3.17,42.42]]],[[[3.23,41.97],[3.23,41.97]]],[[[3.18,41.88],[3.18,41.88]]],[[[3.23,42.24],[3.23,42.24]]],[[[3.23,41.96],[3.23,41.96]]],[[[3.17,42.39],[3.17,42.39]]],[[[3.18,41.87],[3.18,41.87]]],[[[3.18,41.87],[3.18,41.87]]],[[[2.98,41.76],[2.98,41.76]]],[[[3.23,42.04],[3.23,42.04]]],[[[2.86,41.7],[2.86,41.7]]],[[[3.17,42.42],[3.17,42.42]]],[[[3.16,42.39],[3.16,42.39]]],[[[3.23,41.95],[3.23,41.95]]],[[[3.23,42.04],[3.23,42.04]]],[[[3.3,42.33],[3.3,42.33]]],[[[3.32,42.32],[3.32,42.32]]],[[[3.3,42.29],[3.3,42.29]]],[[[3.22,41.94],[3.22,41.94]]],[[[3.17,41.86],[3.17,41.86]]],[[[3.23,41.97],[3.23,41.97]]],[[[3.23,41.95],[3.23,41.95]]],[[[3.17,42.37],[3.17,42.37]]],[[[3.23,42.04],[3.23,42.04]]],[[[3.23,41.96],[3.23,41.96]]],[[[3.16,42.37],[3.16,42.37]]],[[[3.14,42.13],[3.14,42.13]]],[[[3.23,41.95],[3.23,41.95]]],[[[3.18,41.87],[3.18,41.87]]],[[[3.16,42.36],[3.16,42.36]]],[[[3.23,41.95],[3.23,41.95]]],[[[3.18,41.88],[3.18,41.88]]],[[[3.17,42.37],[3.17,42.37]]],[[[3.17,42.36],[3.17,42.36]]],[[[3.22,41.94],[3.22,41.94]]],[[[3.18,41.88],[3.18,41.88]]],[[[3.23,41.95],[3.23,41.95]]],[[[3.23,41.97],[3.23,41.97]]],[[[3.22,41.94],[3.22,41.94]]],[[[3.17,42.42],[3.17,42.42]]],[[[3.23,42.25],[3.23,42.25]]],[[[3.16,42.4],[3.16,42.4]]],[[[3.23,41.96],[3.23,41.96]]],[[[3.18,41.88],[3.18,41.88]]],[[[3.23,41.97],[3.23,41.97]]],[[[3.23,41.97],[3.23,41.97]]],[[[3.23,41.97],[3.23,41.97]]],[[[3.22,41.94],[3.22,41.94]]],[[[3.23,41.97],[3.23,41.97]]],[[[3.16,42.38],[3.16,42.38]]],[[[3.22,41.93],[3.22,41.93]]],[[[3.23,41.97],[3.23,41.97]]],[[[3.23,41.96],[3.23,41.96]]],[[[3.17,42.41],[3.17,42.41]]],[[[3.23,41.97],[3.23,41.97]]],[[[3.23,41.95],[3.23,41.95]]],[[[3.19,41.89],[3.19,41.89]]],[[[3.31,42.33],[3.31,42.33]]],[[[3.23,41.95],[3.23,41.95]]],[[[3.17,42.36],[3.17,42.36]]],[[[3.32,42.32],[3.32,42.32]]],[[[3.32,42.32],[3.32,42.32]]],[[[3.22,41.94],[3.22,41.94]]],[[[3.21,42.06],[3.21,42.06]]],[[[3.23,41.96],[3.23,41.96]]],[[[3.16,42.12],[3.16,42.12]]],[[[3.23,41.95],[3.23,41.95]]],[[[3.21,42.06],[3.21,42.06]]],[[[3.26,42.34],[3.26,42.34]]],[[[3.32,42.32],[3.32,42.32]]],[[[3.17,42.37],[3.17,42.37]]],[[[3.23,41.97],[3.23,41.97]]],[[[3.2,42.24],[3.2,42.24]]],[[[3.18,41.88],[3.18,41.88]]],[[[3.3,42.33],[3.3,42.33]]],[[[3.21,42.06],[3.21,42.06]]],[[[3.23,41.97],[3.23,41.97]]],[[[3.23,41.96],[3.23,41.96]]],[[[3.18,41.88],[3.18,41.88]]],[[[3.26,42.34],[3.26,42.34]]],[[[3.23,41.97],[3.23,41.97]]],[[[3.23,41.96],[3.23,41.96]]],[[[3.18,41.87],[3.18,41.87]]],[[[3.18,41.89],[3.18,41.89]]],[[[3.23,41.97],[3.23,41.97]]],[[[3.18,41.87],[3.18,41.87]]],[[[3.18,41.87],[3.18,41.87]]],[[[3.29,42.28],[3.29,42.28]]],[[[3.21,42.06],[3.21,42.06]]],[[[3.22,41.94],[3.22,41.94]]],[[[3.21,42.05],[3.21,42.05]]],[[[3.23,41.96],[3.23,41.96]]],[[[3.22,41.94],[3.22,41.94]]],[[[3.18,41.87],[3.18,41.87]]],[[[3.28,42.34],[3.28,42.34]]],[[[3.21,42.05],[3.21,42.05]]],[[[3.22,42.05],[3.22,42.05]]],[[[3.23,41.96],[3.23,41.96]]],[[[3.17,41.86],[3.17,41.86]]],[[[3.21,42.05],[3.21,42.05]]],[[[3.23,41.97],[3.23,41.97]]],[[[3.26,42.34],[3.26,42.34]]],[[[3.31,42.33],[3.31,42.33]]],[[[3.22,41.94],[3.22,41.94]]],[[[3.18,41.89],[3.18,41.89]]],[[[3.25,42.33],[3.25,42.33]]],[[[3.18,41.88],[3.18,41.88]]],[[[3.18,41.88],[3.18,41.88]]],[[[3.21,42.05],[3.21,42.05]]],[[[3.23,41.96],[3.23,41.96]]],[[[3.23,41.96],[3.23,41.96]]],[[[3.22,41.94],[3.22,41.94]]],[[[3.29,42.31],[3.29,42.31]]],[[[3.17,42.37],[3.17,42.37]]],[[[3.23,41.97],[3.23,41.97]]],[[[3.21,42.05],[3.21,42.05]]],[[[3.22,41.93],[3.22,41.93]]],[[[3.23,41.97],[3.23,41.97]]],[[[3.23,41.97],[3.23,41.97]]],[[[3.18,41.87],[3.18,41.87]]],[[[3.31,42.33],[3.31,42.33]]],[[[3.22,42.05],[3.22,42.05]]],[[[3.23,41.97],[3.23,41.97]]],[[[3.26,42.34],[3.26,42.34]]],[[[3.23,41.96],[3.23,41.96]]],[[[3.18,41.88],[3.18,41.88]]],[[[3.29,42.3],[3.29,42.3]]],[[[3.21,42.05],[3.21,42.05]]],[[[3.16,42.4],[3.16,42.4]]],[[[3.22,42.05],[3.22,42.05]]],[[[3.18,41.88],[3.18,41.88]]],[[[3.21,42.06],[3.21,42.06]]],[[[3.18,41.88],[3.18,41.88]]],[[[3.09,41.83],[3.09,41.83]]],[[[3.21,42.06],[3.21,42.06]]],[[[3.29,42.3],[3.29,42.3]]],[[[3.23,41.95],[3.23,41.95]]],[[[3.19,41.86],[3.19,41.86]]],[[[3.22,42.05],[3.22,42.05]]],[[[3.18,41.88],[3.18,41.88]]],[[[3.18,41.87],[3.18,41.87]]],[[[3.16,42.4],[3.16,42.4]]],[[[3.16,42.4],[3.16,42.4]]],[[[3.19,41.86],[3.19,41.86]]],[[[3.18,41.87],[3.18,41.87]]],[[[3.18,41.88],[3.18,41.88]]],[[[3.23,41.97],[3.23,41.97]]]]},"properties":{"name":"Cataluña"}},{"type":"Feature","geometry":{"type":"MultiPolygon","coordinates":[[[[-5.34,35.87],[-5.34,35.87]]],[[[-5.42,35.91],[-5.42,35.91]]],[[[-4.29,35.17],[-4.29,35.17]]]]},"properties":{"name":"Ceuta"}},{"type":"Feature","geometry":{"type":"MultiPolygon","coordinates":[[[[-1.15,38.75],[-1.03,38.66],[-1,38.57],[-1.09,38.44],[-1.08,38.35],[-0.99,38.32],[-0.99,38.2],[-1.02,38.08],[-0.9,37.92],[-0.83,37.86],[-0.75,37.79],[-0.84,37.75],[-0.8,37.66],[-0.75,37.75],[-0.71,37.64],[-0.82,37.58],[-0.92,37.55],[-0.99,37.6],[-1.07,37.58],[-1.17,37.54],[-1.26,37.56],[-1.4,37.51],[-1.49,37.42],[-1.63,37.37],[-1.74,37.44],[-2.01,37.67],[-2.01,37.78],[-2.1,37.88],[-2.25,37.93],[-2.3,38],[-2.26,38.11],[-2.21,38.2],[-2.11,38.24],[-2.05,38.31],[-1.91,38.3],[-1.78,38.36],[-1.69,38.37],[-1.59,38.31],[-1.48,38.38],[-1.48,38.48],[-1.45,38.58],[-1.37,38.7],[-1.25,38.74],[-1.15,38.75]],[[-1.47,37.47],[-1.47,37.47]],[[-1.12,37.56],[-1.12,37.56]],[[-1.62,37.38],[-1.62,37.38]],[[-1.01,37.58],[-1.01,37.58]],[[-1.47,37.47],[-1.47,37.47]],[[-1.5,37.43],[-1.5,37.43]],[[-1,37.58],[-1,37.58]],[[-1.01,37.57],[-1.01,37.57]]],[[[-0.77,37.7],[-0.77,37.7]]],[[[-0.8,37.7],[-0.8,37.7]]],[[[-0.71,37.73],[-0.71,37.73]]],[[[-0.76,37.79],[-0.76,37.79]]],[[[-1.27,37.56],[-1.27,37.56]]],[[[-1.55,37.41],[-1.55,37.41]]],[[[-0.97,37.56],[-0.97,37.56]]],[[[-0.76,37.79],[-0.76,37.79]]],[[[-0.76,37.79],[-0.76,37.79]]],[[[-0.76,37.78],[-0.76,37.78]]],[[[-0.76,37.78],[-0.76,37.78]]],[[[-0.74,37.67],[-0.74,37.67]]],[[[-0.75,37.67],[-0.75,37.67]]],[[[-1.04,37.57],[-1.04,37.57]]],[[[-1.21,37.57],[-1.21,37.57]]],[[[-0.65,37.66],[-0.65,37.66]]],[[[-0.74,37.78],[-0.74,37.78]]],[[[-0.75,37.79],[-0.75,37.79]]],[[[-0.76,37.79],[-0.76,37.79]]],[[[-0.74,37.78],[-0.74,37.78]]],[[[-0.76,37.79],[-0.76,37.79]]],[[[-1.33,37.56],[-1.33,37.56]]],[[[-0.74,37.78],[-0.74,37.78]]],[[[-0.71,37.62],[-0.71,37.62]]],[[[-0.76,37.79],[-0.76,37.79]]],[[[-0.72,37.66],[-0.72,37.66]]],[[[-0.74,37.78],[-0.74,37.78]]],[[[-0.7,37.73],[-0.7,37.73]]],[[[-0.76,37.78],[-0.76,37.78]]],[[[-0.76,37.79],[-0.76,37.79]]],[[[-0.75,37.79],[-0.75,37.79]]],[[[-0.7,37.63],[-0.7,37.63]]],[[[-0.74,37.78],[-0.74,37.78]]],[[[-0.69,37.63],[-0.69,37.63]]],[[[-1.04,37.57],[-1.04,37.57]]],[[[-0.69,37.63],[-0.69,37.63]]],[[[-0.76,37.79],[-0.76,37.79]]],[[[-1.53,37.42],[-1.53,37.42]]],[[[-0.76,37.85],[-0.76,37.85]]],[[[-0.76,37.79],[-0.76,37.79]]],[[[-0.7,37.62],[-0.7,37.62]]],[[[-0.65,37.65],[-0.65,37.65]]],[[[-0.69,37.63],[-0.69,37.63]]],[[[-0.69,37.64],[-0.69,37.64]]],[[[-0.75,37.79],[-0.75,37.79]]],[[[-0.71,37.62],[-0.71,37.62]]],[[[-0.76,37.79],[-0.76,37.79]]],[[[-0.75,37.72],[-0.75,37.72]]],[[[-0.76,37.79],[-0.76,37.79]]],[[[-0.76,37.79],[-0.76,37.79]]],[[[-0.74,37.78],[-0.74,37.78]]],[[[-0.7,37.63],[-0.7,37.63]]],[[[-0.76,37.79],[-0.76,37.79]]],[[[-0.76,37.79],[-0.76,37.79]]],[[[-0.69,37.64],[-0.69,37.64]]],[[[-1.09,37.57],[-1.09,37.57]]],[[[-0.69,37.63],[-0.69,37.63]]],[[[-0.97,37.58],[-0.97,37.58]]],[[[-0.69,37.63],[-0.69,37.63]]],[[[-1.02,37.57],[-1.02,37.57]]],[[[-0.7,37.62],[-0.7,37.62]]],[[[-0.7,37.62],[-0.7,37.62]]],[[[-0.69,37.63],[-0.69,37.63]]],[[[-0.69,37.63],[-0.69,37.63]]],[[[-0.69,37.63],[-0.69,37.63]]],[[[-1.49,37.42],[-1.49,37.42]]],[[[-0.69,37.63],[-0.69,37.63]]],[[[-1.02,37.57],[-1.02,37.57]]],[[[-0.98,37.58],[-0.98,37.58]]],[[[-0.98,37.58],[-0.98,37.58]]],[[[-0.76,37.79],[-0.76,37.79]]],[[[-0.75,37.79],[-0.75,37.79]]],[[[-0.69,37.63],[-0.69,37.63]]],[[[-0.76,37.85],[-0.76,37.85]]],[[[-0.69,37.63],[-0.69,37.63]]],[[[-0.69,37.63],[-0.69,37.63]]],[[[-0.69,37.63],[-0.69,37.63]]],[[[-0.69,37.63],[-0.69,37.63]]],[[[-1.02,37.57],[-1.02,37.57]]],[[[-0.76,37.79],[-0.76,37.79]]],[[[-0.69,37.64],[-0.69,37.64]]],[[[-0.97,37.56],[-0.97,37.56]]],[[[-0.98,37.58],[-0.98,37.58]]],[[[-0.76,37.79],[-0.76,37.79]]],[[[-0.69,37.63],[-0.69,37.63]]],[[[-0.98,37.58],[-0.98,37.58]]],[[[-0.69,37.63],[-0.69,37.63]]],[[[-0.69,37.63],[-0.69,37.63]]],[[[-1.02,37.57],[-1.02,37.57]]],[[[-0.76,37.79],[-0.76,37.79]]],[[[-0.76,37.79],[-0.76,37.79]]]]},"properties":{"name":"Murcia"}},{"type":"Feature","geometry":{"type":"MultiPolygon","coordinates":[[[[-3,42.64],[-2.85,42.64],[-2.82,42.56],[-2.76,42.62],[-2.68,42.6],[-2.71,42.52],[-2.6,42.5],[-2.51,42.52],[-2.42,42.49],[-2.35,42.45],[-2.17,42.41],[-2.08,42.37],[-1.97,42.35],[-1.87,42.29],[-1.8,42.22],[-1.72,42.22],[-1.72,42.13],[-1.83,42.15],[-1.91,42.06],[-1.86,41.97],[-1.97,41.92],[-2.11,41.96],[-2.16,42.07],[-2.24,42.1],[-2.44,42.14],[-2.51,42.07],[-2.58,42],[-2.75,42.01],[-2.71,42.1],[-2.79,42.11],[-2.89,42.01],[-2.93,42.09],[-3.03,42.09],[-3.13,42.2],[-3.11,42.35],[-3.06,42.43],[-3.07,42.53],[-3.08,42.64],[-3,42.64]],[[-2.94,42.6],[-2.94,42.6]],[[-3,42.6],[-3,42.6]]]]},"properties":{"name":"La Rioja"}},{"type":"Feature","geometry":{"type":"MultiPolygon","coordinates":[[[[3.21,39.96],[3.11,39.9],[3.19,39.89],[3.12,39.83],[3.25,39.73],[3.33,39.76],[3.43,39.74],[3.44,39.63],[3.33,39.54],[3.28,39.42],[3.19,39.35],[3.07,39.27],[2.96,39.36],[2.79,39.36],[2.72,39.48],[2.67,39.56],[2.58,39.53],[2.52,39.46],[2.42,39.52],[2.36,39.61],[2.46,39.65],[2.53,39.7],[2.62,39.76],[2.7,39.81],[2.78,39.84],[2.95,39.92],[3.03,39.94],[3.12,39.93],[3.21,39.96]],[[3.19,39.75],[3.19,39.75]],[[3.16,39.87],[3.16,39.87]],[[2.42,39.54],[2.42,39.54]],[[3,39.31],[3,39.31]],[[3.38,39.57],[3.38,39.57]],[[3.19,39.87],[3.19,39.87]],[[2.6,39.74],[2.6,39.74]],[[2.92,39.36],[2.92,39.36]],[[3.19,39.76],[3.19,39.76]],[[3.18,39.88],[3.18,39.88]],[[3.18,39.95],[3.18,39.95]],[[2.65,39.77],[2.65,39.77]],[[2.44,39.53],[2.44,39.53]],[[2.93,39.9],[2.93,39.9]],[[2.65,39.77],[2.65,39.77]],[[2.96,39.91],[2.96,39.91]],[[2.6,39.73],[2.6,39.73]],[[2.97,39.91],[2.97,39.91]],[[2.97,39.91],[2.97,39.91]],[[2.42,39.54],[2.42,39.54]],[[2.62,39.74],[2.62,39.74]],[[2.6,39.73],[2.6,39.73]],[[3.18,39.95],[3.18,39.95]],[[2.65,39.77],[2.65,39.77]],[[2.63,39.76],[2.63,39.76]],[[2.62,39.74],[2.62,39.74]],[[2.55,39.7],[2.55,39.7]],[[2.55,39.7],[2.55,39.7]],[[3.18,39.95],[3.18,39.95]],[[2.55,39.7],[2.55,39.7]],[[2.54,39.7],[2.54,39.7]],[[2.6,39.73],[2.6,39.73]],[[3.18,39.95],[3.18,39.95]],[[2.55,39.7],[2.55,39.7]],[[2.65,39.77],[2.65,39.77]],[[2.56,39.7],[2.56,39.7]],[[2.65,39.77],[2.65,39.77]],[[2.59,39.72],[2.59,39.72]],[[2.61,39.74],[2.61,39.74]],[[2.54,39.7],[2.54,39.7]],[[3.18,39.95],[3.18,39.95]],[[2.6,39.73],[2.6,39.73]],[[2.58,39.71],[2.58,39.71]],[[2.65,39.77],[2.65,39.77]],[[2.61,39.74],[2.61,39.74]],[[3.18,39.96],[3.18,39.96]],[[2.64,39.76],[2.64,39.76]],[[2.65,39.76],[2.65,39.76]],[[2.62,39.76],[2.62,39.76]],[[2.56,39.7],[2.56,39.7]],[[2.52,39.7],[2.52,39.7]],[[2.59,39.72],[2.59,39.72]],[[2.65,39.77],[2.65,39.77]],[[2.55,39.7],[2.55,39.7]],[[3.2,39.96],[3.2,39.96]],[[3.18,39.96],[3.18,39.96]]],[[[4.09,40.09],[4.16,40.03],[4.27,40],[4.31,39.88],[4.22,39.83],[4.06,39.91],[3.96,39.94],[3.82,39.93],[3.79,40.02],[3.9,40.06],[3.98,40.05],[4.09,40.07],[4.09,40.09]],[[4.17,40.06],[4.17,40.06]],[[4.03,39.92],[4.03,39.92]],[[4.17,40.03],[4.17,40.03]],[[3.95,40.06],[3.95,40.06]],[[3.95,40.06],[3.95,40.06]],[[4.17,40.03],[4.17,40.03]],[[3.9,40.06],[3.9,40.06]],[[4.2,40.03],[4.2,40.03]],[[4.17,40.05],[4.17,40.05]]],[[[1.53,39.12],[1.62,39.03],[1.53,38.98],[1.48,38.91],[1.41,38.83],[1.34,38.87],[1.25,38.86],[1.24,38.94],[1.29,39.03],[1.36,39.07],[1.49,39.11],[1.53,39.12]],[[1.3,38.87],[1.3,38.87]],[[1.22,38.89],[1.22,38.89]],[[1.23,38.97],[1.23,38.97]],[[1.4,39.08],[1.4,39.08]],[[1.24,38.86],[1.24,38.86]],[[1.3,38.87],[1.3,38.87]],[[1.61,39.08],[1.61,39.08]],[[1.37,38.83],[1.37,38.83]],[[1.48,39.11],[1.48,39.11]],[[1.5,39.1],[1.5,39.1]],[[1.41,39.08],[1.41,39.08]],[[1.48,38.92],[1.48,38.92]],[[1.6,39.02],[1.6,39.02]],[[1.32,38.86],[1.32,38.86]],[[1.46,38.91],[1.46,38.91]],[[1.3,38.87],[1.3,38.87]],[[1.23,38.87],[1.23,38.87]],[[1.26,38.87],[1.26,38.87]],[[1.41,39.08],[1.41,39.08]],[[1.28,38.88],[1.28,38.88]],[[1.26,38.87],[1.26,38.87]],[[1.3,38.87],[1.3,38.87]],[[1.24,38.87],[1.24,38.87]],[[1.26,38.87],[1.26,38.87]],[[1.24,38.87],[1.24,38.87]],[[1.26,38.87],[1.26,38.87]],[[1.26,38.87],[1.26,38.87]],[[1.22,38.88],[1.22,38.88]],[[1.22,38.88],[1.22,38.88]],[[1.26,38.87],[1.26,38.87]],[[1.26,38.87],[1.26,38.87]],[[1.22,38.89],[1.22,38.89]],[[1.26,38.87],[1.26,38.87]],[[1.26,38.87],[1.26,38.87]],[[1.24,38.87],[1.24,38.87]],[[1.26,38.87],[1.26,38.87]],[[1.23,38.88],[1.23,38.88]],[[1.23,38.87],[1.23,38.87]],[[1.32,38.86],[1.32,38.86]]],[[[1.44,38.76],[1.5,38.69],[1.39,38.64],[1.38,38.72],[1.44,38.76]],[[1.43,38.76],[1.43,38.76]],[[1.43,38.75],[1.43,38.75]],[[1.46,38.73],[1.46,38.73]],[[1.45,38.73],[1.45,38.73]],[[1.46,38.72],[1.46,38.72]],[[1.43,38.76],[1.43,38.76]],[[1.43,38.75],[1.43,38.75]],[[1.46,38.73],[1.46,38.73]],[[1.46,38.73],[1.46,38.73]],[[1.46,38.73],[1.46,38.73]],[[1.45,38.73],[1.45,38.73]],[[1.44,38.68],[1.44,38.68]],[[1.45,38.73],[1.45,38.73]],[[1.46,38.73],[1.46,38.73]],[[1.39,38.71],[1.39,38.71]],[[1.46,38.73],[1.46,38.73]],[[1.39,38.73],[1.39,38.73]]],[[[2.95,39.17],[2.92,39.13],[2.95,39.17]],[[2.92,39.13],[2.92,39.13]],[[2.94,39.13],[2.94,39.13]],[[2.96,39.14],[2.96,39.14]],[[2.92,39.16],[2.92,39.16]]],[[[2.34,39.6],[2.3,39.57],[2.34,39.6]]],[[[2.97,39.19],[2.97,39.19]]],[[[1.42,38.8],[1.42,38.8]]],[[[1.22,38.99],[1.22,38.99]]],[[[1.2,38.87],[1.2,38.87]]],[[[4.28,39.97],[4.28,39.97]]],[[[1.64,39.04],[1.64,39.04]]],[[[1.48,38.8],[1.48,38.8]]],[[[4.29,39.8],[4.29,39.8]]],[[[4.31,39.88],[4.31,39.88]]],[[[1.2,38.96],[1.2,38.96]]],[[[1.22,38.97],[1.22,38.97]]],[[[1.21,38.87],[1.21,38.87]]],[[[3.15,39.92],[3.15,39.92]]],[[[2.98,39.17],[2.98,39.17]]],[[[2.45,39.5],[2.45,39.5]]],[[[4.08,40.09],[4.08,40.09]]],[[[4.21,40.02],[4.21,40.02]]],[[[1.41,38.82],[1.41,38.82]]],[[[3.01,39.31],[3.01,39.31]]],[[[1.42,38.79],[1.42,38.79]]],[[[2.97,39.2],[2.97,39.2]]],[[[2.54,39.51],[2.54,39.51]]],[[[4.21,40.02],[4.21,40.02]]],[[[2.59,39.53],[2.59,39.53]]],[[[1.59,38.99],[1.59,38.99]]],[[[4.29,39.89],[4.29,39.89]]],[[[4.03,40.07],[4.03,40.07]]],[[[2.71,39.82],[2.71,39.82]]],[[[1.17,38.97],[1.17,38.97]]],[[[3.13,39.94],[3.13,39.94]]],[[[2.98,39.2],[2.98,39.2]]],[[[4.14,40.05],[4.14,40.05]]],[[[2.96,39.13],[2.96,39.13]]],[[[3,39.31],[3,39.31]]],[[[2.35,39.58],[2.35,39.58]]],[[[3.17,39.84],[3.17,39.84]]],[[[1.16,38.98],[1.16,38.98]]],[[[4.22,39.82],[4.22,39.82]]],[[[1.43,39.09],[1.43,39.09]]],[[[2.98,39.21],[2.98,39.21]]],[[[1.42,38.8],[1.42,38.8]]],[[[3.01,39.3],[3.01,39.3]]],[[[1.41,38.82],[1.41,38.82]]],[[[1.17,38.97],[1.17,38.97]]],[[[1.42,38.77],[1.42,38.77]]],[[[1.48,38.79],[1.48,38.79]]],[[[1.32,39.05],[1.32,39.05]]],[[[4.04,40.06],[4.04,40.06]]],[[[2.46,39.5],[2.46,39.5]]],[[[4.3,39.88],[4.3,39.88]]],[[[2.94,39.13],[2.94,39.13]]],[[[4.29,39.91],[4.29,39.91]]],[[[2.57,39.53],[2.57,39.53]]],[[[1.19,38.96],[1.19,38.96]]],[[[1.42,38.9],[1.42,38.9]]],[[[1.59,39],[1.59,39]]],[[[1.58,38.98],[1.58,38.98]]],[[[4.03,40.07],[4.03,40.07]]],[[[1.59,39.1],[1.59,39.1]]],[[[2.59,39.53],[2.59,39.53]]],[[[1.29,39.01],[1.29,39.01]]],[[[1.44,38.89],[1.44,38.89]]],[[[2.98,39.33],[2.98,39.33]]],[[[2.48,39.47],[2.48,39.47]]],[[[4.08,40.09],[4.08,40.09]]],[[[4.2,40.02],[4.2,40.02]]],[[[4.28,39.95],[4.28,39.95]]],[[[4.13,40.06],[4.13,40.06]]],[[[1.61,39.08],[1.61,39.08]]],[[[1.4,38.81],[1.4,38.81]]],[[[2.94,39.13],[2.94,39.13]]],[[[2.47,39.46],[2.47,39.46]]],[[[1.43,38.78],[1.43,38.78]]],[[[2.98,39.2],[2.98,39.2]]],[[[1.49,39.1],[1.49,39.1]]],[[[1.44,38.88],[1.44,38.88]]],[[[4.2,40.01],[4.2,40.01]]],[[[1.2,38.87],[1.2,38.87]]],[[[2.96,39.14],[2.96,39.14]]],[[[4.14,40.04],[4.14,40.04]]],[[[4.04,40.06],[4.04,40.06]]],[[[3.41,39.77],[3.41,39.77]]],[[[2.94,39.13],[2.94,39.13]]],[[[4.04,40.07],[4.04,40.07]]],[[[2.98,39.32],[2.98,39.32]]],[[[3.04,39.28],[3.04,39.28]]],[[[2.94,39.12],[2.94,39.12]]],[[[1.41,38.87],[1.41,38.87]]],[[[2.97,39.2],[2.97,39.2]]],[[[1.61,39.05],[1.61,39.05]]],[[[4.21,39.83],[4.21,39.83]]],[[[1.2,38.96],[1.2,38.96]]],[[[1.44,38.9],[1.44,38.9]]],[[[2.34,39.59],[2.34,39.59]]],[[[1.22,38.97],[1.22,38.97]]],[[[1.61,39.08],[1.61,39.08]]],[[[2.98,39.21],[2.98,39.21]]],[[[2.96,39.15],[2.96,39.15]]],[[[4.22,39.82],[4.22,39.82]]],[[[1.41,38.83],[1.41,38.83]]],[[[2.54,39.48],[2.54,39.48]]],[[[4.21,40.02],[4.21,40.02]]],[[[1.41,38.83],[1.41,38.83]]],[[[2.99,39.33],[2.99,39.33]]],[[[1.22,38.99],[1.22,38.99]]],[[[4.31,39.89],[4.31,39.89]]],[[[2.99,39.31],[2.99,39.31]]],[[[3.92,40.05],[3.92,40.05]]],[[[2.71,39.53],[2.71,39.53]]],[[[4.31,39.89],[4.31,39.89]]],[[[4.21,39.83],[4.21,39.83]]],[[[4.01,40.06],[4.01,40.06]]],[[[3.26,39.4],[3.26,39.4]]],[[[1.44,38.9],[1.44,38.9]]],[[[4.1,40.05],[4.1,40.05]]],[[[1.37,39.06],[1.37,39.06]]],[[[1.43,38.87],[1.43,38.87]]],[[[1.17,38.97],[1.17,38.97]]],[[[3.97,40.06],[3.97,40.06]]],[[[3.18,39.94],[3.18,39.94]]],[[[4.29,39.93],[4.29,39.93]]],[[[1.57,38.99],[1.57,38.99]]],[[[1.59,39],[1.59,39]]],[[[2.94,39.12],[2.94,39.12]]],[[[1.16,38.98],[1.16,38.98]]],[[[4.28,39.93],[4.28,39.93]]],[[[2.48,39.47],[2.48,39.47]]],[[[4.31,39.89],[4.31,39.89]]],[[[3.93,40.06],[3.93,40.06]]],[[[4.1,40.05],[4.1,40.05]]],[[[3.01,39.3],[3.01,39.3]]],[[[1.42,38.8],[1.42,38.8]]],[[[2.96,39.15],[2.96,39.15]]],[[[4.02,40.06],[4.02,40.06]]],[[[3.12,39.86],[3.12,39.86]]],[[[4.27,39.96],[4.27,39.96]]],[[[1.5,38.93],[1.5,38.93]]],[[[4.29,39.92],[4.29,39.92]]],[[[1.23,38.98],[1.23,38.98]]],[[[4.24,39.81],[4.24,39.81]]],[[[2.44,39.65],[2.44,39.65]]],[[[4.03,40.06],[4.03,40.06]]],[[[1.61,39.04],[1.61,39.04]]],[[[2.34,39.59],[2.34,39.59]]],[[[1.45,38.89],[1.45,38.89]]],[[[2.46,39.53],[2.46,39.53]]],[[[1.22,38.96],[1.22,38.96]]],[[[1.17,38.99],[1.17,38.99]]],[[[1.44,38.89],[1.44,38.89]]],[[[2.45,39.65],[2.45,39.65]]],[[[3.48,39.71],[3.48,39.71]]],[[[2.46,39.5],[2.46,39.5]]],[[[2.58,39.53],[2.58,39.53]]],[[[3.46,39.72],[3.46,39.72]]],[[[4.3,39.9],[4.3,39.9]]],[[[2.34,39.59],[2.34,39.59]]],[[[2.98,39.33],[2.98,39.33]]],[[[1.59,39.1],[1.59,39.1]]],[[[1.22,38.97],[1.22,38.97]]],[[[4.3,39.91],[4.3,39.91]]],[[[1.45,39.09],[1.45,39.09]]],[[[3.02,39.3],[3.02,39.3]]],[[[1.37,38.83],[1.37,38.83]]],[[[2.36,39.55],[2.36,39.55]]],[[[1.49,38.79],[1.49,38.79]]],[[[3.01,39.31],[3.01,39.31]]],[[[1.31,39.05],[1.31,39.05]]],[[[1.58,39],[1.58,39]]],[[[4.29,39.91],[4.29,39.91]]],[[[2.36,39.55],[2.36,39.55]]],[[[1.41,38.83],[1.41,38.83]]],[[[1.59,39.1],[1.59,39.1]]],[[[4.26,40],[4.26,40]]],[[[1.29,39.03],[1.29,39.03]]],[[[4.28,39.93],[4.28,39.93]]],[[[3.46,39.72],[3.46,39.72]]],[[[2.47,39.46],[2.47,39.46]]],[[[4.14,40.04],[4.14,40.04]]],[[[1.58,39],[1.58,39]]],[[[2.71,39.53],[2.71,39.53]]],[[[4.24,39.81],[4.24,39.81]]],[[[3.93,40.06],[3.93,40.06]]],[[[3.99,40.05],[3.99,40.05]]],[[[4.08,40.09],[4.08,40.09]]],[[[1.2,38.87],[1.2,38.87]]],[[[1.44,38.89],[1.44,38.89]]],[[[4.31,39.9],[4.31,39.9]]],[[[4.25,40],[4.25,40]]],[[[2.59,39.53],[2.59,39.53]]],[[[4.1,40.08],[4.1,40.08]]],[[[1.43,38.78],[1.43,38.78]]],[[[4.1,40.06],[4.1,40.06]]],[[[4.1,40.05],[4.1,40.05]]],[[[1.45,38.89],[1.45,38.89]]],[[[1.4,38.83],[1.4,38.83]]],[[[1.65,39.03],[1.65,39.03]]],[[[4.11,40.05],[4.11,40.05]]],[[[4.29,39.92],[4.29,39.92]]],[[[4.21,40.02],[4.21,40.02]]],[[[4.22,39.83],[4.22,39.83]]],[[[1.22,38.92],[1.22,38.92]]],[[[4.08,40.07],[4.08,40.07]]],[[[4.29,39.92],[4.29,39.92]]],[[[3.96,40.06],[3.96,40.06]]],[[[1.2,38.87],[1.2,38.87]]],[[[1.2,38.87],[1.2,38.87]]],[[[1.43,38.78],[1.43,38.78]]],[[[3.83,39.99],[3.83,39.99]]],[[[3.01,39.31],[3.01,39.31]]],[[[3.98,40.05],[3.98,40.05]]],[[[4.2,40.02],[4.2,40.02]]],[[[1.49,38.93],[1.49,38.93]]],[[[4.29,39.92],[4.29,39.92]]],[[[1.2,38.87],[1.2,38.87]]],[[[4.29,39.91],[4.29,39.91]]],[[[2.51,39.69],[2.51,39.69]]],[[[2.98,39.2],[2.98,39.2]]],[[[4.3,39.91],[4.3,39.91]]],[[[1.49,38.92],[1.49,38.92]]],[[[1.48,38.79],[1.48,38.79]]],[[[4.08,40.09],[4.08,40.09]]],[[[4.31,39.9],[4.31,39.9]]],[[[4.26,40],[4.26,40]]],[[[4.25,40],[4.25,40]]],[[[4.1,40.07],[4.1,40.07]]],[[[1.5,38.93],[1.5,38.93]]],[[[1.29,38.88],[1.29,38.88]]],[[[3.15,39.92],[3.15,39.92]]],[[[3.46,39.7],[3.46,39.7]]],[[[1.42,38.66],[1.42,38.66]]],[[[2.58,39.53],[2.58,39.53]]],[[[1.19,38.96],[1.19,38.96]]],[[[2.44,39.65],[2.44,39.65]]],[[[1.48,38.71],[1.48,38.71]]],[[[1.44,38.89],[1.44,38.89]]],[[[1.2,38.87],[1.2,38.87]]],[[[2.51,39.69],[2.51,39.69]]],[[[4.29,39.92],[4.29,39.92]]],[[[3.14,39.95],[3.14,39.95]]],[[[4.3,39.8],[4.3,39.8]]],[[[3.01,39.3],[3.01,39.3]]],[[[4.29,39.92],[4.29,39.92]]],[[[2.96,39.17],[2.96,39.17]]],[[[4.21,40.02],[4.21,40.02]]],[[[4.31,39.9],[4.31,39.9]]],[[[3.46,39.7],[3.46,39.7]]],[[[2.53,39.7],[2.53,39.7]]],[[[1.42,38.8],[1.42,38.8]]],[[[2.99,39.33],[2.99,39.33]]],[[[2.53,39.7],[2.53,39.7]]],[[[4.2,40.03],[4.2,40.03]]],[[[1.42,38.81],[1.42,38.81]]],[[[4.25,40],[4.25,40]]],[[[1.37,38.83],[1.37,38.83]]],[[[4.29,39.92],[4.29,39.92]]],[[[1.22,38.87],[1.22,38.87]]],[[[1.44,38.89],[1.44,38.89]]],[[[1.16,38.98],[1.16,38.98]]],[[[4.28,39.94],[4.28,39.94]]],[[[1.43,38.77],[1.43,38.77]]],[[[1.3,38.86],[1.3,38.86]]],[[[1.41,38.81],[1.41,38.81]]],[[[1.51,38.94],[1.51,38.94]]],[[[2.41,39.54],[2.41,39.54]]],[[[2.37,39.53],[2.37,39.53]]],[[[1.47,38.91],[1.47,38.91]]],[[[4.17,40.04],[4.17,40.04]]],[[[1.29,38.88],[1.29,38.88]]],[[[1.48,38.71],[1.48,38.71]]],[[[2.59,39.53],[2.59,39.53]]],[[[1.43,38.78],[1.43,38.78]]],[[[1.43,38.78],[1.43,38.78]]],[[[2.85,39.87],[2.85,39.87]]],[[[1.19,38.96],[1.19,38.96]]],[[[4.29,39.91],[4.29,39.91]]],[[[1.48,38.81],[1.48,38.81]]],[[[1.2,38.87],[1.2,38.87]]],[[[2.42,39.64],[2.42,39.64]]],[[[2.53,39.7],[2.53,39.7]]],[[[1.48,38.79],[1.48,38.79]]],[[[1.43,38.77],[1.43,38.77]]],[[[4.03,40.06],[4.03,40.06]]],[[[2.41,39.54],[2.41,39.54]]],[[[4.21,40.02],[4.21,40.02]]],[[[2.34,39.6],[2.34,39.6]]],[[[1.31,38.86],[1.31,38.86]]],[[[1.3,38.86],[1.3,38.86]]],[[[1.16,38.98],[1.16,38.98]]],[[[1.22,38.92],[1.22,38.92]]],[[[2.58,39.53],[2.58,39.53]]],[[[2.59,39.53],[2.59,39.53]]],[[[4.19,40.04],[4.19,40.04]]],[[[2.6,39.73],[2.6,39.73]]],[[[1.2,38.87],[1.2,38.87]]],[[[4.19,40.04],[4.19,40.04]]],[[[1.21,38.87],[1.21,38.87]]],[[[2.41,39.54],[2.41,39.54]]],[[[2.96,39.15],[2.96,39.15]]],[[[1.44,38.89],[1.44,38.89]]],[[[4.2,40.02],[4.2,40.02]]],[[[1.43,38.78],[1.43,38.78]]],[[[2.97,39.17],[2.97,39.17]]],[[[1.2,38.87],[1.2,38.87]]],[[[1.21,38.87],[1.21,38.87]]],[[[2.96,39.15],[2.96,39.15]]],[[[1.2,38.96],[1.2,38.96]]],[[[1.22,38.9],[1.22,38.9]]],[[[1.29,38.88],[1.29,38.88]]],[[[4.31,39.9],[4.31,39.9]]],[[[1.43,38.78],[1.43,38.78]]],[[[2.94,39.13],[2.94,39.13]]],[[[1.22,38.87],[1.22,38.87]]],[[[4.18,40.03],[4.18,40.03]]],[[[4.18,40.03],[4.18,40.03]]],[[[2.96,39.17],[2.96,39.17]]]]},"properties":{"name":"Baleares"}},{"type":"Feature","geometry":{"type":"MultiPolygon","coordinates":[[[[-16.16,28.59],[-16.24,28.49],[-16.36,28.38],[-16.42,28.2],[-16.55,28.03],[-16.64,28],[-16.71,28.05],[-16.78,28.12],[-16.84,28.21],[-16.9,28.33],[-16.83,28.39],[-16.75,28.37],[-16.67,28.4],[-16.55,28.42],[-16.46,28.46],[-16.41,28.53],[-16.33,28.56],[-16.22,28.57],[-16.16,28.59]],[[-16.83,28.2],[-16.83,28.2]],[[-16.65,28.4],[-16.65,28.4]],[[-16.38,28.29],[-16.38,28.29]],[[-16.47,28.11],[-16.47,28.11]],[[-16.38,28.29],[-16.38,28.29]],[[-16.57,28.4],[-16.57,28.4]],[[-16.71,28.39],[-16.71,28.39]],[[-16.65,28.4],[-16.65,28.4]],[[-16.38,28.29],[-16.38,28.29]],[[-16.29,28.57],[-16.29,28.57]],[[-16.73,28.38],[-16.73,28.38]],[[-16.66,28.01],[-16.66,28.01]],[[-16.86,28.38],[-16.86,28.38]],[[-16.57,28.4],[-16.57,28.4]],[[-16.63,28.4],[-16.63,28.4]],[[-16.59,28.4],[-16.59,28.4]],[[-16.89,28.37],[-16.89,28.37]],[[-16.88,28.37],[-16.88,28.37]],[[-16.86,28.38],[-16.86,28.38]],[[-16.68,28.4],[-16.68,28.4]],[[-16.47,28.45],[-16.47,28.45]],[[-16.13,28.54],[-16.13,28.54]],[[-16.62,28.02],[-16.62,28.02]],[[-16.59,28.03],[-16.59,28.03]],[[-16.45,28.13],[-16.45,28.13]],[[-16.47,28.11],[-16.47,28.11]],[[-16.63,28.4],[-16.63,28.4]],[[-16.62,28.02],[-16.62,28.02]],[[-16.88,28.37],[-16.88,28.37]],[[-16.46,28.11],[-16.46,28.11]],[[-16.64,28.4],[-16.64,28.4]],[[-16.62,28.02],[-16.62,28.02]],[[-16.44,28.14],[-16.44,28.14]],[[-16.43,28.16],[-16.43,28.16]],[[-16.43,28.16],[-16.43,28.16]],[[-16.29,28.57],[-16.29,28.57]],[[-16.43,28.15],[-16.43,28.15]],[[-16.47,28.11],[-16.47,28.11]],[[-16.47,28.11],[-16.47,28.11]],[[-16.54,28.04],[-16.54,28.04]],[[-16.13,28.54],[-16.13,28.54]],[[-16.63,28.01],[-16.63,28.01]],[[-16.54,28.04],[-16.54,28.04]],[[-16.54,28.04],[-16.54,28.04]],[[-16.58,28.03],[-16.58,28.03]],[[-16.46,28.12],[-16.46,28.12]],[[-16.13,28.54],[-16.13,28.54]],[[-16.66,28.01],[-16.66,28.01]],[[-16.59,28.03],[-16.59,28.03]],[[-16.13,28.54],[-16.13,28.54]],[[-16.13,28.54],[-16.13,28.54]],[[-16.88,28.37],[-16.88,28.37]],[[-16.58,28.03],[-16.58,28.03]],[[-16.12,28.55],[-16.12,28.55]],[[-16.13,28.54],[-16.13,28.54]],[[-16.13,28.54],[-16.13,28.54]],[[-16.65,28.01],[-16.65,28.01]],[[-16.46,28.12],[-16.46,28.12]],[[-16.66,28.01],[-16.66,28.01]],[[-16.88,28.37],[-16.88,28.37]],[[-16.63,28.02],[-16.63,28.02]]],[[[-13.89,28.76],[-13.82,28.55],[-13.87,28.48],[-13.85,28.4],[-13.92,28.25],[-14.01,28.21],[-14.22,28.17],[-14.33,28.05],[-14.48,28.08],[-14.37,28.12],[-14.22,28.22],[-14.2,28.33],[-14.15,28.44],[-14.03,28.59],[-14.01,28.68],[-13.89,28.76]],[[-14.03,28.63],[-14.03,28.63]],[[-14.47,28.11],[-14.47,28.11]],[[-14.48,28.1],[-14.48,28.1]],[[-14.21,28.27],[-14.21,28.27]],[[-14.21,28.26],[-14.21,28.26]]],[[[-15.42,28.18],[-15.42,28.06],[-15.38,27.97],[-15.39,27.86],[-15.52,27.78],[-15.6,27.74],[-15.79,27.84],[-15.83,27.91],[-15.82,28.01],[-15.71,28.08],[-15.64,28.17],[-15.53,28.16],[-15.43,28.15],[-15.42,28.18]],[[-15.79,28.02],[-15.79,28.02]]],[[[-13.47,29.23],[-13.43,29.15],[-13.49,28.99],[-13.64,28.92],[-13.74,28.91],[-13.79,28.84],[-13.88,28.86],[-13.83,28.93],[-13.81,29.03],[-13.71,29.08],[-13.6,29.14],[-13.5,29.22],[-13.47,29.23]],[[-13.76,29.07],[-13.76,29.07]],[[-13.76,29.07],[-13.76,29.07]]],[[[-17.91,28.86],[-17.81,28.85],[-17.73,28.74],[-17.75,28.62],[-17.84,28.45],[-17.88,28.54],[-18.01,28.76],[-17.97,28.83],[-17.91,28.86]],[[-17.96,28.83],[-17.96,28.83]],[[-17.96,28.83],[-17.96,28.83]],[[-17.73,28.75],[-17.73,28.75]],[[-18.01,28.76],[-18.01,28.76]],[[-17.92,28.85],[-17.92,28.85]],[[-17.78,28.84],[-17.78,28.84]],[[-17.77,28.82],[-17.77,28.82]],[[-17.82,28.49],[-17.82,28.49]],[[-17.87,28.48],[-17.87,28.48]],[[-17.96,28.68],[-17.96,28.68]],[[-17.82,28.48],[-17.82,28.48]],[[-17.88,28.84],[-17.88,28.84]],[[-17.73,28.74],[-17.73,28.74]],[[-17.85,28.83],[-17.85,28.83]],[[-17.9,28.84],[-17.9,28.84]],[[-17.79,28.53],[-17.79,28.53]],[[-17.8,28.51],[-17.8,28.51]],[[-17.87,28.48],[-17.87,28.48]],[[-17.96,28.67],[-17.96,28.67]],[[-17.99,28.74],[-17.99,28.74]],[[-17.88,28.84],[-17.88,28.84]],[[-17.87,28.84],[-17.87,28.84]],[[-17.78,28.84],[-17.78,28.84]],[[-17.81,28.5],[-17.81,28.5]],[[-17.8,28.51],[-17.8,28.51]],[[-17.81,28.84],[-17.81,28.84]],[[-17.96,28.66],[-17.96,28.66]],[[-17.82,28.84],[-17.82,28.84]],[[-17.82,28.48],[-17.82,28.48]],[[-17.82,28.48],[-17.82,28.48]],[[-17.96,28.68],[-17.96,28.68]],[[-18,28.77],[-18,28.77]],[[-17.88,28.84],[-17.88,28.84]],[[-17.96,28.68],[-17.96,28.68]],[[-17.84,28.84],[-17.84,28.84]],[[-17.82,28.48],[-17.82,28.48]],[[-17.87,28.47],[-17.87,28.47]],[[-17.81,28.5],[-17.81,28.5]],[[-17.88,28.84],[-17.88,28.84]],[[-17.79,28.53],[-17.79,28.53]],[[-17.74,28.77],[-17.74,28.77]],[[-17.96,28.68],[-17.96,28.68]],[[-17.74,28.77],[-17.74,28.77]],[[-17.74,28.77],[-17.74,28.77]],[[-18,28.77],[-18,28.77]],[[-17.99,28.74],[-17.99,28.74]],[[-17.88,28.84],[-17.88,28.84]]],[[[-17.26,28.22],[-17.12,28.15],[-17.17,28.04],[-17.27,28.03],[-17.35,28.1],[-17.32,28.2],[-17.26,28.22]],[[-17.16,28.05],[-17.16,28.05]],[[-17.32,28.07],[-17.32,28.07]],[[-17.35,28.1],[-17.35,28.1]],[[-17.26,28.22],[-17.26,28.22]],[[-17.34,28.15],[-17.34,28.15]],[[-17.26,28.22],[-17.26,28.22]],[[-17.32,28.07],[-17.32,28.07]],[[-17.34,28.1],[-17.34,28.1]],[[-17.26,28.21],[-17.26,28.21]],[[-17.32,28.2],[-17.32,28.2]],[[-17.19,28.2],[-17.19,28.2]],[[-17.25,28.21],[-17.25,28.21]],[[-17.2,28.2],[-17.2,28.2]],[[-17.26,28.21],[-17.26,28.21]],[[-17.25,28.21],[-17.25,28.21]],[[-17.25,28.21],[-17.25,28.21]],[[-17.25,28.21],[-17.25,28.21]],[[-17.26,28.21],[-17.26,28.21]],[[-17.25,28.21],[-17.25,28.21]],[[-17.26,28.21],[-17.26,28.21]],[[-17.26,28.21],[-17.26,28.21]],[[-17.25,28.21],[-17.25,28.21]],[[-17.25,28.21],[-17.25,28.21]],[[-17.26,28.21],[-17.26,28.21]],[[-17.33,28.08],[-17.33,28.08]],[[-17.34,28.15],[-17.34,28.15]],[[-17.26,28.22],[-17.26,28.22]],[[-17.26,28.22],[-17.26,28.22]],[[-17.26,28.22],[-17.26,28.22]],[[-17.25,28.21],[-17.25,28.21]]],[[[-17.92,27.85],[-17.93,27.73],[-17.98,27.64],[-18.05,27.69],[-18.16,27.72],[-18.08,27.75],[-17.99,27.8],[-17.92,27.85]],[[-18.03,27.67],[-18.03,27.67]],[[-18.07,27.75],[-18.07,27.75]],[[-17.9,27.84],[-17.9,27.84]],[[-17.91,27.84],[-17.91,27.84]],[[-17.91,27.84],[-17.91,27.84]],[[-17.91,27.85],[-17.91,27.85]],[[-17.99,27.8],[-17.99,27.8]],[[-17.97,27.83],[-17.97,27.83]],[[-18.02,27.67],[-18.02,27.67]],[[-17.92,27.85],[-17.92,27.85]],[[-18.1,27.76],[-18.1,27.76]],[[-17.97,27.67],[-17.97,27.67]],[[-18.07,27.76],[-18.07,27.76]],[[-18.07,27.76],[-18.07,27.76]],[[-17.97,27.67],[-17.97,27.67]],[[-18.06,27.76],[-18.06,27.76]],[[-18.07,27.75],[-18.07,27.75]],[[-18.1,27.76],[-18.1,27.76]],[[-17.89,27.82],[-17.89,27.82]],[[-17.97,27.83],[-17.97,27.83]],[[-18.02,27.67],[-18.02,27.67]],[[-18.16,27.73],[-18.16,27.73]],[[-17.97,27.83],[-17.97,27.83]],[[-17.97,27.83],[-17.97,27.83]],[[-18.15,27.74],[-18.15,27.74]],[[-18.15,27.74],[-18.15,27.74]]],[[[-13.51,29.29],[-13.51,29.29]]],[[[-13.5,29.42],[-13.5,29.42]],[[-13.52,29.41],[-13.52,29.41]],[[-13.49,29.41],[-13.49,29.41]],[[-13.49,29.41],[-13.49,29.41]],[[-13.49,29.4],[-13.49,29.4]],[[-13.52,29.41],[-13.52,29.41]],[[-13.49,29.41],[-13.49,29.41]],[[-13.52,29.41],[-13.52,29.41]]],[[[-13.81,28.77],[-13.81,28.77]]],[[[-13.53,29.3],[-13.53,29.3]]],[[[-13.34,29.28],[-13.34,29.28]]],[[[-16.16,28.59],[-16.16,28.59]]],[[[-16.16,28.6],[-16.16,28.6]]],[[[-16.76,28.38],[-16.76,28.38]]],[[[-18,27.83],[-18,27.83]]],[[[-13.44,29.22],[-13.44,29.22]]],[[[-13.53,29.31],[-13.53,29.31]]],[[[-17.27,28.22],[-17.27,28.22]]],[[[-13.55,28.95],[-13.55,28.95]]],[[[-13.55,28.96],[-13.55,28.96]]],[[[-13.47,29.24],[-13.47,29.24]]],[[[-17.3,28.21],[-17.3,28.21]]],[[[-13.49,29.4],[-13.49,29.4]]],[[[-17.97,28.83],[-17.97,28.83]]],[[[-13.52,29.41],[-13.52,29.41]]],[[[-16.13,28.58],[-16.13,28.58]]],[[[-15.44,28.14],[-15.44,28.14]]],[[[-16.49,28.44],[-16.49,28.44]]],[[[-15.44,28.14],[-15.44,28.14]]],[[[-17.94,27.85],[-17.94,27.85]]],[[[-15.38,27.86],[-15.38,27.86]]],[[[-17.34,28.08],[-17.34,28.08]]],[[[-18,27.82],[-18,27.82]]],[[[-16.42,28.51],[-16.42,28.51]]],[[[-17.94,27.85],[-17.94,27.85]]],[[[-16.41,28.22],[-16.41,28.22]]],[[[-18.14,27.76],[-18.14,27.76]]],[[[-16.42,28.51],[-16.42,28.51]]],[[[-17.99,27.82],[-17.99,27.82]]],[[[-17.85,28.83],[-17.85,28.83]]],[[[-13.52,29.41],[-13.52,29.41]]],[[[-17.89,27.83],[-17.89,27.83]]],[[[-16.83,28.2],[-16.83,28.2]]],[[[-13.52,29.16],[-13.52,29.16]]],[[[-13.83,28.76],[-13.83,28.76]]],[[[-16.78,28.12],[-16.78,28.12]]],[[[-17.96,27.84],[-17.96,27.84]]],[[[-16.42,28.5],[-16.42,28.5]]],[[[-17.92,28.86],[-17.92,28.86]]],[[[-17.88,28.53],[-17.88,28.53]]],[[[-16.28,28.57],[-16.28,28.57]]],[[[-13.52,29.16],[-13.52,29.16]]],[[[-17.94,27.84],[-17.94,27.84]]],[[[-16.44,28.48],[-16.44,28.48]]],[[[-13.51,29.42],[-13.51,29.42]]],[[[-16.43,28.5],[-16.43,28.5]]],[[[-17.94,27.85],[-17.94,27.85]]],[[[-17.33,28.19],[-17.33,28.19]]],[[[-16.52,28.42],[-16.52,28.42]]],[[[-16.78,28.38],[-16.78,28.38]]],[[[-17.95,27.84],[-17.95,27.84]]],[[[-17.21,28.2],[-17.21,28.2]]],[[[-17.93,28.85],[-17.93,28.85]]],[[[-18.01,27.79],[-18.01,27.79]]],[[[-17.27,28.22],[-17.27,28.22]]],[[[-16.46,28.46],[-16.46,28.46]]],[[[-16.74,28.38],[-16.74,28.38]]],[[[-15.5,28.15],[-15.5,28.15]]],[[[-16.85,28.39],[-16.85,28.39]]],[[[-16.52,28.42],[-16.52,28.42]]],[[[-16.13,28.58],[-16.13,28.58]]],[[[-17.76,28.65],[-17.76,28.65]]],[[[-17.95,27.84],[-17.95,27.84]]],[[[-17.34,28.08],[-17.34,28.08]]],[[[-14.07,28.54],[-14.07,28.54]]],[[[-18.14,27.77],[-18.14,27.77]]],[[[-16.62,28.4],[-16.62,28.4]]],[[[-16.6,28.4],[-16.6,28.4]]],[[[-17.76,28.65],[-17.76,28.65]]],[[[-18,27.65],[-18,27.65]]],[[[-16.59,28.4],[-16.59,28.4]]],[[[-17.93,28.85],[-17.93,28.85]]],[[[-17.94,28.84],[-17.94,28.84]]],[[[-13.52,29.41],[-13.52,29.41]]],[[[-17.76,28.65],[-17.76,28.65]]],[[[-14.03,28.64],[-14.03,28.64]]],[[[-17.34,28.09],[-17.34,28.09]]],[[[-16.83,28.2],[-16.83,28.2]]],[[[-17.27,28.22],[-17.27,28.22]]],[[[-17.21,28.2],[-17.21,28.2]]],[[[-17.28,28.21],[-17.28,28.21]]],[[[-18.05,27.76],[-18.05,27.76]]],[[[-14.07,28.54],[-14.07,28.54]]],[[[-13.52,29.41],[-13.52,29.41]]],[[[-16.53,28.42],[-16.53,28.42]]],[[[-13.53,29.41],[-13.53,29.41]]],[[[-18.05,27.76],[-18.05,27.76]]],[[[-16.83,28.39],[-16.83,28.39]]],[[[-13.53,29.41],[-13.53,29.41]]],[[[-17.32,28.07],[-17.32,28.07]]],[[[-17.32,28.06],[-17.32,28.06]]],[[[-16.42,28.52],[-16.42,28.52]]],[[[-17.3,28.21],[-17.3,28.21]]],[[[-17.35,28.11],[-17.35,28.11]]],[[[-18.14,27.77],[-18.14,27.77]]],[[[-16.14,28.58],[-16.14,28.58]]],[[[-17.96,27.84],[-17.96,27.84]]],[[[-16.21,28.57],[-16.21,28.57]]],[[[-13.5,29.42],[-13.5,29.42]]],[[[-17.93,28.84],[-17.93,28.84]]],[[[-14.07,28.55],[-14.07,28.55]]],[[[-15.44,28.14],[-15.44,28.14]]],[[[-17.93,27.85],[-17.93,27.85]]],[[[-13.55,28.96],[-13.55,28.96]]],[[[-16.12,28.56],[-16.12,28.56]]],[[[-17.99,27.83],[-17.99,27.83]]],[[[-17.34,28.18],[-17.34,28.18]]],[[[-17.88,28.52],[-17.88,28.52]]],[[[-16.28,28.57],[-16.28,28.57]]],[[[-17.34,28.09],[-17.34,28.09]]],[[[-18.05,27.76],[-18.05,27.76]]],[[[-16.14,28.52],[-16.14,28.52]]],[[[-16.19,28.58],[-16.19,28.58]]],[[[-17.95,27.84],[-17.95,27.84]]],[[[-14.1,28.47],[-14.1,28.47]]],[[[-13.52,29.41],[-13.52,29.41]]],[[[-14.03,28.63],[-14.03,28.63]]],[[[-16.42,28.52],[-16.42,28.52]]],[[[-17.83,28.47],[-17.83,28.47]]],[[[-16.16,28.59],[-16.16,28.59]]],[[[-16.36,28.55],[-16.36,28.55]]],[[[-16.43,28.49],[-16.43,28.49]]],[[[-18.16,27.73],[-18.16,27.73]]],[[[-16.69,28.4],[-16.69,28.4]]],[[[-17.24,28.2],[-17.24,28.2]]],[[[-16.69,28.4],[-16.69,28.4]]],[[[-16.44,28.48],[-16.44,28.48]]],[[[-17.94,27.85],[-17.94,27.85]]],[[[-16.36,28.55],[-16.36,28.55]]],[[[-18.16,27.73],[-18.16,27.73]]],[[[-17.83,28.47],[-17.83,28.47]]],[[[-17.33,28.18],[-17.33,28.18]]],[[[-13.54,28.95],[-13.54,28.95]]],[[[-14.16,28.41],[-14.16,28.41]]],[[[-17.93,27.85],[-17.93,27.85]]],[[[-18.01,28.78],[-18.01,28.78]]],[[[-16.43,28.5],[-16.43,28.5]]],[[[-16.2,28.57],[-16.2,28.57]]],[[[-13.5,29.42],[-13.5,29.42]]],[[[-18.05,27.76],[-18.05,27.76]]],[[[-16.61,28.02],[-16.61,28.02]]],[[[-18.01,28.77],[-18.01,28.77]]],[[[-16.13,28.58],[-16.13,28.58]]],[[[-18.12,27.77],[-18.12,27.77]]],[[[-17.76,28.65],[-17.76,28.65]]],[[[-16.44,28.48],[-16.44,28.48]]],[[[-13.52,29.41],[-13.52,29.41]]],[[[-16.21,28.57],[-16.21,28.57]]],[[[-14.16,28.41],[-14.16,28.41]]],[[[-16.47,28.45],[-16.47,28.45]]],[[[-18.04,27.76],[-18.04,27.76]]],[[[-17.88,28.52],[-17.88,28.52]]],[[[-14.03,28.63],[-14.03,28.63]]],[[[-16.13,28.55],[-16.13,28.55]]],[[[-13.52,29.41],[-13.52,29.41]]],[[[-17.34,28.16],[-17.34,28.16]]],[[[-16.19,28.58],[-16.19,28.58]]],[[[-17.29,28.21],[-17.29,28.21]]],[[[-16.19,28.58],[-16.19,28.58]]],[[[-17.95,27.84],[-17.95,27.84]]],[[[-17.35,28.12],[-17.35,28.12]]],[[[-16.59,28.4],[-16.59,28.4]]],[[[-16.2,28.58],[-16.2,28.58]]],[[[-17.95,27.84],[-17.95,27.84]]],[[[-14.03,28.64],[-14.03,28.64]]],[[[-17.35,28.11],[-17.35,28.11]]],[[[-16.43,28.49],[-16.43,28.49]]],[[[-17.76,28.65],[-17.76,28.65]]],[[[-18.01,28.77],[-18.01,28.77]]],[[[-16.85,28.39],[-16.85,28.39]]],[[[-16.12,28.55],[-16.12,28.55]]],[[[-17.97,27.83],[-17.97,27.83]]],[[[-17.93,27.85],[-17.93,27.85]]],[[[-14.16,28.41],[-14.16,28.41]]],[[[-17.29,28.21],[-17.29,28.21]]],[[[-16.75,28.37],[-16.75,28.37]]],[[[-16.69,28.4],[-16.69,28.4]]],[[[-13.52,29.41],[-13.52,29.41]]],[[[-16.2,28.57],[-16.2,28.57]]],[[[-13.53,29.4],[-13.53,29.4]]],[[[-16.18,28.58],[-16.18,28.58]]],[[[-17.86,28.47],[-17.86,28.47]]],[[[-16.49,28.44],[-16.49,28.44]]],[[[-15.67,28.16],[-15.67,28.16]]],[[[-18.01,28.78],[-18.01,28.78]]],[[[-18.16,27.72],[-18.16,27.72]]],[[[-18.13,27.77],[-18.13,27.77]]],[[[-17.87,28.48],[-17.87,28.48]]],[[[-17.93,28.85],[-17.93,28.85]]],[[[-18.16,27.72],[-18.16,27.72]]],[[[-16.37,28.55],[-16.37,28.55]]],[[[-16.43,28.5],[-16.43,28.5]]],[[[-16.46,28.46],[-16.46,28.46]]],[[[-14.16,28.39],[-14.16,28.39]]],[[[-16.12,28.55],[-16.12,28.55]]],[[[-16.42,28.51],[-16.42,28.51]]],[[[-16.12,28.56],[-16.12,28.56]]],[[[-16.12,28.53],[-16.12,28.53]]],[[[-15.44,28.14],[-15.44,28.14]]],[[[-17.34,28.17],[-17.34,28.17]]],[[[-17.93,27.85],[-17.93,27.85]]],[[[-16.17,28.59],[-16.17,28.59]]],[[[-16.36,28.55],[-16.36,28.55]]],[[[-18.05,27.76],[-18.05,27.76]]],[[[-17.35,28.11],[-17.35,28.11]]],[[[-16.12,28.55],[-16.12,28.55]]],[[[-16.14,28.58],[-16.14,28.58]]],[[[-13.53,29.41],[-13.53,29.41]]],[[[-13.52,29.41],[-13.52,29.41]]],[[[-18.14,27.77],[-18.14,27.77]]],[[[-13.61,29.13],[-13.61,29.13]]],[[[-13.52,29.41],[-13.52,29.41]]],[[[-16.59,28.4],[-16.59,28.4]]],[[[-17.35,28.11],[-17.35,28.11]]],[[[-14.07,28.54],[-14.07,28.54]]],[[[-17.84,28.84],[-17.84,28.84]]],[[[-17.32,28.07],[-17.32,28.07]]],[[[-16.17,28.59],[-16.17,28.59]]],[[[-16.73,28.38],[-16.73,28.38]]],[[[-17.99,27.82],[-17.99,27.82]]],[[[-16.12,28.56],[-16.12,28.56]]],[[[-16.75,28.37],[-16.75,28.37]]],[[[-15.44,28.14],[-15.44,28.14]]],[[[-14.09,28.51],[-14.09,28.51]]],[[[-16.8,28.38],[-16.8,28.38]]],[[[-17.33,28.19],[-17.33,28.19]]],[[[-17.32,28.07],[-17.32,28.07]]],[[[-17.96,28.67],[-17.96,28.67]]],[[[-16.17,28.59],[-16.17,28.59]]],[[[-17.83,28.47],[-17.83,28.47]]],[[[-16.28,28.57],[-16.28,28.57]]],[[[-17.35,28.11],[-17.35,28.11]]],[[[-18.05,27.76],[-18.05,27.76]]],[[[-18.14,27.77],[-18.14,27.77]]],[[[-17.3,28.21],[-17.3,28.21]]],[[[-15.44,28.14],[-15.44,28.14]]],[[[-17.27,28.22],[-17.27,28.22]]],[[[-16.19,28.58],[-16.19,28.58]]],[[[-18.05,27.76],[-18.05,27.76]]],[[[-17.93,27.85],[-17.93,27.85]]],[[[-17.92,28.86],[-17.92,28.86]]],[[[-16.78,28.13],[-16.78,28.13]]],[[[-16.14,28.58],[-16.14,28.58]]],[[[-16.82,28.39],[-16.82,28.39]]],[[[-17.92,28.86],[-17.92,28.86]]],[[[-16.12,28.55],[-16.12,28.55]]],[[[-17.85,28.84],[-17.85,28.84]]],[[[-16.36,28.55],[-16.36,28.55]]],[[[-16.16,28.59],[-16.16,28.59]]],[[[-17.97,27.68],[-17.97,27.68]]],[[[-16.14,28.58],[-16.14,28.58]]],[[[-13.52,29.41],[-13.52,29.41]]],[[[-17.87,28.49],[-17.87,28.49]]],[[[-17.88,28.51],[-17.88,28.51]]],[[[-17.88,28.52],[-17.88,28.52]]],[[[-13.52,29.41],[-13.52,29.41]]],[[[-16.2,28.57],[-16.2,28.57]]],[[[-17.29,28.21],[-17.29,28.21]]],[[[-18.05,27.76],[-18.05,27.76]]],[[[-16.28,28.58],[-16.28,28.58]]],[[[-16.44,28.48],[-16.44,28.48]]],[[[-16.39,28.55],[-16.39,28.55]]],[[[-17.3,28.21],[-17.3,28.21]]],[[[-17.92,28.85],[-17.92,28.85]]],[[[-16.13,28.58],[-16.13,28.58]]],[[[-16.19,28.58],[-16.19,28.58]]],[[[-17.35,28.11],[-17.35,28.11]]],[[[-14.09,28.5],[-14.09,28.5]]],[[[-16.27,28.58],[-16.27,28.58]]],[[[-16.47,28.45],[-16.47,28.45]]],[[[-17.34,28.17],[-17.34,28.17]]],[[[-16.43,28.5],[-16.43,28.5]]],[[[-18.01,28.75],[-18.01,28.75]]],[[[-17.94,27.84],[-17.94,27.84]]],[[[-14.07,28.54],[-14.07,28.54]]],[[[-16.14,28.58],[-16.14,28.58]]],[[[-17.76,28.65],[-17.76,28.65]]],[[[-18.13,27.77],[-18.13,27.77]]],[[[-17.33,28.19],[-17.33,28.19]]],[[[-17.96,28.67],[-17.96,28.67]]],[[[-17.93,27.85],[-17.93,27.85]]],[[[-18.12,27.77],[-18.12,27.77]]],[[[-17.29,28.21],[-17.29,28.21]]],[[[-18.06,27.76],[-18.06,27.76]]],[[[-16.12,28.56],[-16.12,28.56]]],[[[-17.93,27.85],[-17.93,27.85]]],[[[-16.12,28.56],[-16.12,28.56]]],[[[-17.92,28.86],[-17.92,28.86]]],[[[-13.51,29.42],[-13.51,29.42]]],[[[-17.94,27.85],[-17.94,27.85]]],[[[-17.88,28.53],[-17.88,28.53]]],[[[-16.17,28.59],[-16.17,28.59]]],[[[-17.86,28.47],[-17.86,28.47]]],[[[-16.14,28.59],[-16.14,28.59]]],[[[-17.27,28.22],[-17.27,28.22]]],[[[-16.17,28.59],[-16.17,28.59]]],[[[-16.2,28.57],[-16.2,28.57]]],[[[-18.16,27.73],[-18.16,27.73]]],[[[-18.01,28.77],[-18.01,28.77]]],[[[-13.79,29.05],[-13.79,29.05]]],[[[-17.33,28.18],[-17.33,28.18]]],[[[-17.32,28.06],[-17.32,28.06]]],[[[-16.27,28.57],[-16.27,28.57]]],[[[-18.13,27.77],[-18.13,27.77]]],[[[-13.5,29.42],[-13.5,29.42]]],[[[-16.12,28.55],[-16.12,28.55]]],[[[-17.86,28.47],[-17.86,28.47]]],[[[-17.85,28.46],[-17.85,28.46]]],[[[-13.52,29.41],[-13.52,29.41]]],[[[-17.88,28.5],[-17.88,28.5]]],[[[-17.88,28.52],[-17.88,28.52]]],[[[-16.43,28.14],[-16.43,28.14]]],[[[-17.32,28.07],[-17.32,28.07]]],[[[-16.14,28.58],[-16.14,28.58]]],[[[-16.37,28.55],[-16.37,28.55]]],[[[-13.51,29.41],[-13.51,29.41]]],[[[-16.2,28.57],[-16.2,28.57]]],[[[-18.05,27.76],[-18.05,27.76]]],[[[-17.85,28.46],[-17.85,28.46]]],[[[-17.29,28.21],[-17.29,28.21]]],[[[-13.52,29.15],[-13.52,29.15]]],[[[-16.43,28.5],[-16.43,28.5]]],[[[-17.87,28.47],[-17.87,28.47]]],[[[-15.44,28.14],[-15.44,28.14]]],[[[-16.12,28.56],[-16.12,28.56]]],[[[-17.33,28.19],[-17.33,28.19]]],[[[-18.16,27.73],[-18.16,27.73]]],[[[-15.5,28.15],[-15.5,28.15]]],[[[-17.27,28.22],[-17.27,28.22]]],[[[-16.2,28.57],[-16.2,28.57]]],[[[-16.13,28.57],[-16.13,28.57]]],[[[-17.34,28.17],[-17.34,28.17]]],[[[-17.76,28.65],[-17.76,28.65]]],[[[-18.13,27.77],[-18.13,27.77]]],[[[-16.29,28.58],[-16.29,28.58]]],[[[-17.32,28.06],[-17.32,28.06]]],[[[-13.52,29.41],[-13.52,29.41]]],[[[-16.14,28.58],[-16.14,28.58]]],[[[-16.13,28.57],[-16.13,28.57]]],[[[-16.21,28.57],[-16.21,28.57]]],[[[-18.05,27.76],[-18.05,27.76]]],[[[-17.87,28.48],[-17.87,28.48]]],[[[-14.09,28.5],[-14.09,28.5]]],[[[-17.34,28.16],[-17.34,28.16]]],[[[-16.13,28.57],[-16.13,28.57]]],[[[-13.53,29.41],[-13.53,29.41]]],[[[-17.34,28.17],[-17.34,28.17]]],[[[-17.22,28.2],[-17.22,28.2]]],[[[-16.12,28.56],[-16.12,28.56]]],[[[-16.12,28.56],[-16.12,28.56]]],[[[-16.12,28.56],[-16.12,28.56]]],[[[-17.27,28.22],[-17.27,28.22]]],[[[-14.09,28.51],[-14.09,28.51]]],[[[-15.44,28.14],[-15.44,28.14]]],[[[-16.2,28.57],[-16.2,28.57]]],[[[-17.24,28.2],[-17.24,28.2]]],[[[-16.16,28.59],[-16.16,28.59]]],[[[-17.83,28.46],[-17.83,28.46]]],[[[-17.34,28.09],[-17.34,28.09]]],[[[-16.12,28.56],[-16.12,28.56]]],[[[-17.3,28.21],[-17.3,28.21]]],[[[-17.33,28.18],[-17.33,28.18]]],[[[-17.35,28.15],[-17.35,28.15]]],[[[-16.77,28.38],[-16.77,28.38]]],[[[-15.44,28.14],[-15.44,28.14]]],[[[-15.44,28.14],[-15.44,28.14]]],[[[-16.27,28.58],[-16.27,28.58]]],[[[-17.34,28.16],[-17.34,28.16]]],[[[-18.13,27.77],[-18.13,27.77]]],[[[-15.5,28.15],[-15.5,28.15]]],[[[-15.5,28.15],[-15.5,28.15]]],[[[-16.13,28.54],[-16.13,28.54]]],[[[-16.74,28.38],[-16.74,28.38]]],[[[-17.35,28.11],[-17.35,28.11]]],[[[-17.97,27.68],[-17.97,27.68]]],[[[-17.2,28.2],[-17.2,28.2]]],[[[-16.21,28.57],[-16.21,28.57]]],[[[-17.27,28.22],[-17.27,28.22]]],[[[-15.44,28.14],[-15.44,28.14]]],[[[-16.12,28.56],[-16.12,28.56]]],[[[-17.83,28.47],[-17.83,28.47]]],[[[-17.35,28.15],[-17.35,28.15]]],[[[-16.12,28.56],[-16.12,28.56]]],[[[-16.12,28.56],[-16.12,28.56]]],[[[-17.88,28.52],[-17.88,28.52]]],[[[-16.13,28.57],[-16.13,28.57]]],[[[-16.14,28.59],[-16.14,28.59]]],[[[-16.17,28.59],[-16.17,28.59]]],[[[-17.87,28.49],[-17.87,28.49]]],[[[-18.14,27.77],[-18.14,27.77]]],[[[-13.49,29.4],[-13.49,29.4]]],[[[-17.34,28.16],[-17.34,28.16]]],[[[-16.14,28.59],[-16.14,28.59]]],[[[-17.27,28.22],[-17.27,28.22]]],[[[-18.01,28.78],[-18.01,28.78]]],[[[-16.16,28.6],[-16.16,28.6]]],[[[-16.2,28.57],[-16.2,28.57]]],[[[-16.12,28.55],[-16.12,28.55]]],[[[-17.88,28.52],[-17.88,28.52]]],[[[-16.14,28.58],[-16.14,28.58]]],[[[-16.17,28.58],[-16.17,28.58]]],[[[-16.12,28.57],[-16.12,28.57]]],[[[-17.88,28.5],[-17.88,28.5]]],[[[-13.52,29.41],[-13.52,29.41]]],[[[-17.29,28.21],[-17.29,28.21]]],[[[-16.38,28.55],[-16.38,28.55]]],[[[-16.12,28.56],[-16.12,28.56]]],[[[-16.13,28.57],[-16.13,28.57]]],[[[-16.7,28],[-16.7,28]]],[[[-16.24,28.57],[-16.24,28.57]]],[[[-17.2,28.2],[-17.2,28.2]]],[[[-17.29,28.21],[-17.29,28.21]]],[[[-17.29,28.04],[-17.29,28.04]]],[[[-16.27,28.58],[-16.27,28.58]]],[[[-17.28,28.21],[-17.28,28.21]]],[[[-17.33,28.19],[-17.33,28.19]]],[[[-16.2,28.58],[-16.2,28.58]]],[[[-18.01,28.77],[-18.01,28.77]]],[[[-17.33,28.18],[-17.33,28.18]]],[[[-16.68,28],[-16.68,28]]],[[[-13.53,29.41],[-13.53,29.41]]],[[[-17.29,28.21],[-17.29,28.21]]],[[[-17.35,28.12],[-17.35,28.12]]],[[[-14.03,28.63],[-14.03,28.63]]],[[[-17.96,28.67],[-17.96,28.67]]],[[[-17.33,28.18],[-17.33,28.18]]],[[[-16.24,28.57],[-16.24,28.57]]],[[[-16.15,28.59],[-16.15,28.59]]],[[[-17.34,28.16],[-17.34,28.16]]],[[[-17.35,28.15],[-17.35,28.15]]],[[[-17.33,28.18],[-17.33,28.18]]],[[[-16.16,28.59],[-16.16,28.59]]],[[[-17.85,28.84],[-17.85,28.84]]],[[[-16.12,28.57],[-16.12,28.57]]],[[[-16.19,28.58],[-16.19,28.58]]],[[[-17.34,28.17],[-17.34,28.17]]],[[[-17.33,28.08],[-17.33,28.08]]],[[[-16.12,28.56],[-16.12,28.56]]],[[[-16.19,28.58],[-16.19,28.58]]],[[[-17.24,28.2],[-17.24,28.2]]],[[[-17.96,28.67],[-17.96,28.67]]],[[[-17.34,28.15],[-17.34,28.15]]],[[[-17.33,28.19],[-17.33,28.19]]],[[[-16.13,28.58],[-16.13,28.58]]],[[[-17.88,28.51],[-17.88,28.51]]],[[[-17.29,28.21],[-17.29,28.21]]],[[[-17.88,28.52],[-17.88,28.52]]],[[[-17.96,28.67],[-17.96,28.67]]],[[[-16.24,28.57],[-16.24,28.57]]],[[[-17.27,28.22],[-17.27,28.22]]],[[[-16.18,28.58],[-16.18,28.58]]],[[[-16.19,28.58],[-16.19,28.58]]],[[[-13.53,29.41],[-13.53,29.41]]],[[[-17.86,28.46],[-17.86,28.46]]],[[[-18.01,28.78],[-18.01,28.78]]],[[[-16.12,28.56],[-16.12,28.56]]],[[[-16.43,28.5],[-16.43,28.5]]],[[[-14.16,28.41],[-14.16,28.41]]],[[[-17.33,28.18],[-17.33,28.18]]],[[[-16.13,28.54],[-16.13,28.54]]],[[[-17.34,28.17],[-17.34,28.17]]],[[[-16.18,28.58],[-16.18,28.58]]],[[[-16.2,28.57],[-16.2,28.57]]],[[[-13.51,29.39],[-13.51,29.39]]],[[[-17.34,28.15],[-17.34,28.15]]],[[[-17.24,28.2],[-17.24,28.2]]],[[[-17.76,28.65],[-17.76,28.65]]],[[[-17.24,28.2],[-17.24,28.2]]],[[[-16.15,28.59],[-16.15,28.59]]],[[[-17.34,28.17],[-17.34,28.17]]],[[[-13.5,29.39],[-13.5,29.39]]],[[[-17.33,28.19],[-17.33,28.19]]],[[[-17.23,28.2],[-17.23,28.2]]],[[[-18.13,27.77],[-18.13,27.77]]],[[[-17.34,28.16],[-17.34,28.16]]],[[[-16.15,28.59],[-16.15,28.59]]],[[[-13.52,29.41],[-13.52,29.41]]],[[[-16.12,28.55],[-16.12,28.55]]],[[[-17.31,28.06],[-17.31,28.06]]],[[[-17.34,28.17],[-17.34,28.17]]],[[[-16.15,28.59],[-16.15,28.59]]],[[[-17.76,28.65],[-17.76,28.65]]],[[[-17.35,28.15],[-17.35,28.15]]],[[[-16.19,28.58],[-16.19,28.58]]],[[[-13.49,29.4],[-13.49,29.4]]],[[[-17.24,28.2],[-17.24,28.2]]],[[[-16.12,28.56],[-16.12,28.56]]],[[[-16.14,28.58],[-16.14,28.58]]],[[[-17.35,28.12],[-17.35,28.12]]],[[[-17.34,28.17],[-17.34,28.17]]],[[[-16.12,28.56],[-16.12,28.56]]],[[[-17.34,28.16],[-17.34,28.16]]],[[[-13.5,29.39],[-13.5,29.39]]],[[[-17.2,28.2],[-17.2,28.2]]],[[[-17.88,28.51],[-17.88,28.51]]],[[[-17.33,28.18],[-17.33,28.18]]],[[[-16.19,28.58],[-16.19,28.58]]],[[[-17.24,28.2],[-17.24,28.2]]],[[[-17.34,28.16],[-17.34,28.16]]],[[[-17.34,28.17],[-17.34,28.17]]],[[[-17.88,28.52],[-17.88,28.52]]],[[[-16.25,28.57],[-16.25,28.57]]],[[[-17.23,28.2],[-17.23,28.2]]],[[[-16.12,28.56],[-16.12,28.56]]],[[[-18.01,28.77],[-18.01,28.77]]],[[[-16.16,28.59],[-16.16,28.59]]],[[[-16.12,28.55],[-16.12,28.55]]],[[[-13.49,29.4],[-13.49,29.4]]],[[[-13.5,29.41],[-13.5,29.41]]],[[[-13.49,29.4],[-13.49,29.4]]],[[[-17.24,28.2],[-17.24,28.2]]],[[[-13.5,29.39],[-13.5,29.39]]],[[[-16.24,28.57],[-16.24,28.57]]],[[[-16.18,28.58],[-16.18,28.58]]],[[[-17.85,28.46],[-17.85,28.46]]],[[[-13.5,29.39],[-13.5,29.39]]],[[[-13.52,29.41],[-13.52,29.41]]],[[[-15.5,28.15],[-15.5,28.15]]],[[[-13.5,29.39],[-13.5,29.39]]],[[[-13.51,29.39],[-13.51,29.39]]],[[[-16.25,28.57],[-16.25,28.57]]],[[[-13.5,29.39],[-13.5,29.39]]],[[[-17.19,28.2],[-17.19,28.2]]],[[[-17.26,28.22],[-17.26,28.22]]],[[[-17.23,28.2],[-17.23,28.2]]],[[[-16.19,28.58],[-16.19,28.58]]],[[[-13.5,29.39],[-13.5,29.39]]],[[[-16.12,28.57],[-16.12,28.57]]],[[[-18.01,28.77],[-18.01,28.77]]],[[[-17.25,28.2],[-17.25,28.2]]],[[[-16.21,28.57],[-16.21,28.57]]],[[[-16.24,28.57],[-16.24,28.57]]],[[[-16.13,28.56],[-16.13,28.56]]],[[[-16.12,28.53],[-16.12,28.53]]],[[[-13.5,29.39],[-13.5,29.39]]],[[[-17.25,28.21],[-17.25,28.21]]],[[[-16.15,28.59],[-16.15,28.59]]],[[[-17.33,28.18],[-17.33,28.18]]],[[[-13.5,29.39],[-13.5,29.39]]],[[[-13.53,29.41],[-13.53,29.41]]],[[[-16.24,28.57],[-16.24,28.57]]],[[[-13.5,29.39],[-13.5,29.39]]],[[[-18.01,28.77],[-18.01,28.77]]],[[[-17.96,28.67],[-17.96,28.67]]],[[[-13.5,29.39],[-13.5,29.39]]],[[[-18.01,28.78],[-18.01,28.78]]],[[[-17.34,28.16],[-17.34,28.16]]],[[[-17.2,28.2],[-17.2,28.2]]],[[[-17.28,28.21],[-17.28,28.21]]],[[[-17.96,28.67],[-17.96,28.67]]],[[[-13.5,29.39],[-13.5,29.39]]],[[[-16.12,28.56],[-16.12,28.56]]],[[[-17.34,28.16],[-17.34,28.16]]],[[[-16.25,28.57],[-16.25,28.57]]],[[[-16.19,28.58],[-16.19,28.58]]],[[[-13.5,29.39],[-13.5,29.39]]],[[[-17.24,28.2],[-17.24,28.2]]],[[[-16.15,28.59],[-16.15,28.59]]],[[[-16.24,28.57],[-16.24,28.57]]],[[[-17.23,28.2],[-17.23,28.2]]],[[[-13.5,29.39],[-13.5,29.39]]],[[[-17.82,28.47],[-17.82,28.47]]],[[[-13.5,29.39],[-13.5,29.39]]],[[[-13.51,29.39],[-13.51,29.39]]],[[[-16.21,28.57],[-16.21,28.57]]],[[[-13.49,29.4],[-13.49,29.4]]],[[[-13.51,29.39],[-13.51,29.39]]],[[[-13.51,29.39],[-13.51,29.39]]],[[[-13.5,29.39],[-13.5,29.39]]],[[[-16.15,28.59],[-16.15,28.59]]],[[[-16.2,28.57],[-16.2,28.57]]],[[[-13.5,29.39],[-13.5,29.39]]],[[[-16.15,28.59],[-16.15,28.59]]],[[[-16.24,28.57],[-16.24,28.57]]],[[[-13.5,29.39],[-13.5,29.39]]],[[[-17.34,28.15],[-17.34,28.15]]],[[[-16.24,28.57],[-16.24,28.57]]],[[[-16.15,28.59],[-16.15,28.59]]],[[[-17.24,28.2],[-17.24,28.2]]],[[[-17.27,28.22],[-17.27,28.22]]],[[[-13.5,29.39],[-13.5,29.39]]],[[[-16.24,28.57],[-16.24,28.57]]],[[[-13.52,29.41],[-13.52,29.41]]],[[[-16.16,28.59],[-16.16,28.59]]],[[[-17.34,28.17],[-17.34,28.17]]],[[[-13.5,29.39],[-13.5,29.39]]],[[[-16.15,28.59],[-16.15,28.59]]],[[[-16.23,28.57],[-16.23,28.57]]],[[[-17.96,28.67],[-17.96,28.67]]],[[[-17.23,28.2],[-17.23,28.2]]],[[[-13.49,29.4],[-13.49,29.4]]],[[[-16.15,28.59],[-16.15,28.59]]],[[[-13.53,29.41],[-13.53,29.41]]],[[[-16.15,28.59],[-16.15,28.59]]],[[[-13.5,29.39],[-13.5,29.39]]],[[[-17.22,28.2],[-17.22,28.2]]],[[[-17.23,28.2],[-17.23,28.2]]],[[[-13.5,29.39],[-13.5,29.39]]],[[[-17.23,28.2],[-17.23,28.2]]],[[[-13.5,29.39],[-13.5,29.39]]],[[[-17.34,28.17],[-17.34,28.17]]],[[[-17.23,28.2],[-17.23,28.2]]],[[[-13.52,29.41],[-13.52,29.41]]],[[[-13.5,29.39],[-13.5,29.39]]],[[[-13.49,29.4],[-13.49,29.4]]],[[[-16.15,28.59],[-16.15,28.59]]],[[[-13.51,29.39],[-13.51,29.39]]],[[[-16.12,28.56],[-16.12,28.56]]],[[[-16.24,28.57],[-16.24,28.57]]],[[[-13.5,29.39],[-13.5,29.39]]],[[[-13.52,29.41],[-13.52,29.41]]],[[[-13.5,29.39],[-13.5,29.39]]],[[[-16.17,28.58],[-16.17,28.58]]],[[[-13.5,29.39],[-13.5,29.39]]],[[[-16.24,28.57],[-16.24,28.57]]],[[[-16.23,28.57],[-16.23,28.57]]],[[[-16.24,28.57],[-16.24,28.57]]],[[[-13.5,29.39],[-13.5,29.39]]],[[[-16.24,28.57],[-16.24,28.57]]],[[[-16.23,28.57],[-16.23,28.57]]],[[[-16.24,28.57],[-16.24,28.57]]],[[[-16.24,28.57],[-16.24,28.57]]],[[[-16.24,28.57],[-16.24,28.57]]],[[[-16.23,28.57],[-16.23,28.57]]],[[[-13.5,29.39],[-13.5,29.39]]]]},"properties":{"name":"Canarias"}},{"type":"Feature","geometry":{"type":"MultiPolygon","coordinates":[[[[-3.59,43.51],[-3.5,43.47],[-3.32,43.42],[-3.22,43.39],[-3.15,43.35],[-3.21,43.28],[-3.33,43.3],[-3.45,43.24],[-3.42,43.13],[-3.6,43.15],[-3.7,43.12],[-3.85,43.08],[-3.95,43],[-3.99,42.93],[-3.87,42.96],[-3.91,42.86],[-3.82,42.81],[-3.91,42.77],[-4,42.83],[-4.05,42.76],[-4.15,42.79],[-4.21,42.85],[-4.24,42.96],[-4.35,42.97],[-4.4,43.04],[-4.52,43.05],[-4.61,43.04],[-4.72,43.02],[-4.82,43.09],[-4.85,43.18],[-4.73,43.19],[-4.63,43.27],[-4.55,43.29],[-4.51,43.39],[-4.39,43.39],[-4.28,43.39],[-4.17,43.4],[-4.08,43.44],[-3.98,43.44],[-3.89,43.47],[-3.78,43.49],[-3.82,43.4],[-3.75,43.45],[-3.59,43.51]],[[-4.11,42.82],[-4.11,42.82]],[[-4.17,42.82],[-4.17,42.82]],[[-3.77,43.47],[-3.77,43.47]],[[-3.94,43.47],[-3.94,43.47]],[[-3.53,43.49],[-3.53,43.49]],[[-3.33,43.42],[-3.33,43.42]],[[-3.51,43.48],[-3.51,43.48]],[[-3.62,43.5],[-3.62,43.5]],[[-3.51,43.48],[-3.51,43.48]],[[-3.63,43.5],[-3.63,43.5]],[[-3.78,43.47],[-3.78,43.47]],[[-3.51,43.48],[-3.51,43.48]],[[-3.57,43.51],[-3.57,43.51]],[[-3.63,43.5],[-3.63,43.5]],[[-3.63,43.5],[-3.63,43.5]],[[-3.63,43.5],[-3.63,43.5]]],[[[-3.26,43.26],[-3.26,43.26]]],[[[-3.73,43.48],[-3.73,43.48]]],[[[-4.03,43.45],[-4.03,43.45]]],[[[-4.5,43.4],[-4.5,43.4]]],[[[-3.53,43.5],[-3.53,43.5]]],[[[-3.75,43.47],[-3.75,43.47]]],[[[-4.48,43.4],[-4.48,43.4]]],[[[-3.31,43.41],[-3.31,43.41]]],[[[-3.93,43.47],[-3.93,43.47]]],[[[-4.02,43.45],[-4.02,43.45]]],[[[-3.92,43.48],[-3.92,43.48]]],[[[-3.25,43.4],[-3.25,43.4]]],[[[-3.92,43.47],[-3.92,43.47]]],[[[-3.79,43.42],[-3.79,43.42]]],[[[-3.93,43.47],[-3.93,43.47]]],[[[-3.92,43.47],[-3.92,43.47]]],[[[-4.01,43.45],[-4.01,43.45]]],[[[-3.93,43.47],[-3.93,43.47]]],[[[-3.79,43.43],[-3.79,43.43]]],[[[-3.22,43.39],[-3.22,43.39]]],[[[-3.94,43.47],[-3.94,43.47]]],[[[-3.4,43.42],[-3.4,43.42]]],[[[-3.92,43.48],[-3.92,43.48]]],[[[-4.02,43.45],[-4.02,43.45]]],[[[-3.52,43.5],[-3.52,43.5]]],[[[-3.52,43.5],[-3.52,43.5]]],[[[-3.31,43.41],[-3.31,43.41]]],[[[-3.95,43.47],[-3.95,43.47]]],[[[-4.48,43.4],[-4.48,43.4]]],[[[-3.41,43.42],[-3.41,43.42]]],[[[-3.91,43.48],[-3.91,43.48]]],[[[-3.5,43.48],[-3.5,43.48]]],[[[-4.02,43.45],[-4.02,43.45]]],[[[-3.65,43.49],[-3.65,43.49]]],[[[-3.94,43.47],[-3.94,43.47]]],[[[-3.41,43.42],[-3.41,43.42]]],[[[-4.02,43.45],[-4.02,43.45]]],[[[-3.83,43.49],[-3.83,43.49]]],[[[-3.8,43.43],[-3.8,43.43]]],[[[-3.41,43.42],[-3.41,43.42]]],[[[-3.81,43.49],[-3.81,43.49]]],[[[-3.67,43.49],[-3.67,43.49]]],[[[-3.29,43.41],[-3.29,43.41]]],[[[-3.95,43.46],[-3.95,43.46]]],[[[-3.25,43.4],[-3.25,43.4]]],[[[-4.39,43.4],[-4.39,43.4]]],[[[-3.95,43.47],[-3.95,43.47]]],[[[-3.42,43.41],[-3.42,43.41]]],[[[-3.78,43.49],[-3.78,43.49]]],[[[-3.92,43.47],[-3.92,43.47]]],[[[-3.65,43.49],[-3.65,43.49]]],[[[-3.5,43.48],[-3.5,43.48]]],[[[-4.39,43.4],[-4.39,43.4]]],[[[-3.5,43.48],[-3.5,43.48]]],[[[-3.52,43.5],[-3.52,43.5]]],[[[-3.31,43.41],[-3.31,43.41]]],[[[-3.67,43.49],[-3.67,43.49]]],[[[-3.65,43.49],[-3.65,43.49]]],[[[-3.75,43.47],[-3.75,43.47]]],[[[-3.52,43.5],[-3.52,43.5]]],[[[-3.67,43.49],[-3.67,43.49]]],[[[-3.25,43.4],[-3.25,43.4]]],[[[-3.77,43.46],[-3.77,43.46]]],[[[-4.46,43.39],[-4.46,43.39]]],[[[-3.68,43.48],[-3.68,43.48]]]]},"properties":{"name":"Cantabria"}},{"type":"Feature","geometry":{"type":"MultiPolygon","coordinates":[[[[-5.03,38.73],[-4.88,38.69],[-4.86,38.61],[-4.71,38.57],[-4.62,38.52],[-4.51,38.46],[-4.45,38.4],[-4.29,38.34],[-4.16,38.38],[-3.91,38.37],[-3.83,38.41],[-3.6,38.4],[-3.45,38.4],[-3.38,38.44],[-3.28,38.46],[-3.14,38.44],[-3.06,38.48],[-3,38.41],[-2.91,38.47],[-2.78,38.51],[-2.68,38.5],[-2.59,38.51],[-2.57,38.42],[-2.48,38.4],[-2.48,38.3],[-2.45,38.22],[-2.55,38.08],[-2.42,38.03],[-2.34,38.03],[-2.25,37.93],[-2.17,37.89],[-2.02,37.87],[-2.01,37.78],[-2.01,37.67],[-1.84,37.46],[-1.74,37.44],[-1.63,37.37],[-1.71,37.3],[-1.8,37.23],[-1.85,37.07],[-1.9,36.99],[-1.97,36.9],[-2.06,36.81],[-2.19,36.72],[-2.29,36.82],[-2.43,36.81],[-2.56,36.82],[-2.62,36.73],[-2.7,36.68],[-2.82,36.71],[-2.93,36.75],[-3.26,36.75],[-3.34,36.74],[-3.42,36.69],[-3.53,36.72],[-3.66,36.75],[-3.77,36.73],[-3.96,36.73],[-4.07,36.75],[-4.18,36.72],[-4.39,36.72],[-4.51,36.59],[-4.6,36.56],[-4.74,36.48],[-4.91,36.51],[-5,36.46],[-5.08,36.45],[-5.18,36.41],[-5.25,36.31],[-5.32,36.23],[-5.34,36.15],[-5.43,36.18],[-5.44,36.09],[-5.61,36],[-5.72,36.06],[-5.91,36.19],[-6.03,36.18],[-6.1,36.28],[-6.18,36.37],[-6.29,36.52],[-6.17,36.52],[-6.23,36.59],[-6.34,36.63],[-6.44,36.74],[-6.34,36.8],[-6.45,36.91],[-6.52,36.98],[-6.92,37.18],[-6.85,37.13],[-6.92,37.17],[-7.04,37.21],[-7.27,37.2],[-7.38,37.17],[-7.43,37.25],[-7.44,37.39],[-7.46,37.49],[-7.5,37.6],[-7.44,37.67],[-7.42,37.76],[-7.32,37.82],[-7.25,37.95],[-7.13,38],[-7,38.02],[-6.99,38.1],[-6.93,38.21],[-6.85,38.18],[-6.77,38.11],[-6.62,38.1],[-6.55,38.03],[-6.44,38.05],[-6.35,38.01],[-6.2,37.96],[-6.11,37.98],[-5.95,37.99],[-5.93,38.1],[-5.85,38.17],[-5.76,38.18],[-5.73,38.09],[-5.63,38.14],[-5.54,38.16],[-5.52,38.24],[-5.56,38.37],[-5.52,38.46],[-5.42,38.51],[-5.37,38.58],[-5.22,38.66],[-5.1,38.71],[-5.03,38.73]],[[-2.19,36.72],[-2.19,36.72]],[[-1.82,37.18],[-1.82,37.18]],[[-1.82,37.17],[-1.82,37.17]],[[-2.57,36.81],[-2.57,36.81]],[[-1.72,37.3],[-1.72,37.3]],[[-1.72,37.3],[-1.72,37.3]],[[-1.72,37.3],[-1.72,37.3]],[[-1.71,37.3],[-1.71,37.3]],[[-1.72,37.3],[-1.72,37.3]],[[-1.72,37.3],[-1.72,37.3]],[[-1.72,37.3],[-1.72,37.3]]],[[[-6.47,36.74],[-6.47,36.74]]],[[[-6.22,36.38],[-6.22,36.38]]],[[[-3.03,35.94],[-3.03,35.94]]],[[[-6.31,36.53],[-6.31,36.53]]],[[[-6.22,36.39],[-6.22,36.39]]],[[[-1.89,36.99],[-1.89,36.99]]],[[[-1.65,37.35],[-1.65,37.35]]],[[[-6.22,36.39],[-6.22,36.39]]],[[[-6.22,36.38],[-6.22,36.38]]],[[[-5.29,36.24],[-5.29,36.24]]],[[[-1.65,37.36],[-1.65,37.36]]],[[[-5.43,36.07],[-5.43,36.07]]],[[[-2.05,36.81],[-2.05,36.81]]],[[[-6.46,36.74],[-6.46,36.74]]],[[[-6.01,36.18],[-6.01,36.18]]],[[[-2.19,36.72],[-2.19,36.72]]],[[[-2,36.84],[-2,36.84]]],[[[-6.01,36.18],[-6.01,36.18]]],[[[-3.39,36.71],[-3.39,36.71]]],[[[-5.42,36.08],[-5.42,36.08]]],[[[-1.7,37.32],[-1.7,37.32]]],[[[-5.42,36.08],[-5.42,36.08]]],[[[-1.7,37.32],[-1.7,37.32]]],[[[-1.71,37.3],[-1.71,37.3]]],[[[-2.17,36.72],[-2.17,36.72]]],[[[-3.03,35.94],[-3.03,35.94]]],[[[-1.72,37.29],[-1.72,37.29]]],[[[-1.77,37.24],[-1.77,37.24]]],[[[-2.19,36.72],[-2.19,36.72]]],[[[-1.72,37.29],[-1.72,37.29]]],[[[-1.7,37.32],[-1.7,37.32]]],[[[-1.77,37.24],[-1.77,37.24]]],[[[-1.77,37.24],[-1.77,37.24]]],[[[-1.77,37.24],[-1.77,37.24]]],[[[-1.72,37.29],[-1.72,37.29]]],[[[-1.7,37.32],[-1.7,37.32]]],[[[-5.44,36.07],[-5.44,36.07]]],[[[-1.77,37.25],[-1.77,37.25]]],[[[-1.7,37.32],[-1.7,37.32]]],[[[-1.77,37.24],[-1.77,37.24]]],[[[-1.7,37.32],[-1.7,37.32]]],[[[-1.7,37.32],[-1.7,37.32]]],[[[-1.77,37.25],[-1.77,37.25]]],[[[-1.7,37.32],[-1.7,37.32]]],[[[-1.76,37.25],[-1.76,37.25]]],[[[-5.44,36.07],[-5.44,36.07]]],[[[-1.7,37.32],[-1.7,37.32]]],[[[-1.7,37.31],[-1.7,37.31]]],[[[-1.74,37.27],[-1.74,37.27]]],[[[-1.77,37.25],[-1.77,37.25]]],[[[-1.7,37.31],[-1.7,37.31]]],[[[-5.44,36.07],[-5.44,36.07]]],[[[-1.76,37.25],[-1.76,37.25]]],[[[-1.75,37.27],[-1.75,37.27]]],[[[-1.74,37.28],[-1.74,37.28]]],[[[-1.74,37.28],[-1.74,37.28]]],[[[-1.77,37.24],[-1.77,37.24]]],[[[-1.72,37.29],[-1.72,37.29]]],[[[-1.72,37.29],[-1.72,37.29]]],[[[-1.77,37.24],[-1.77,37.24]]],[[[-1.72,37.29],[-1.72,37.29]]],[[[-1.76,37.25],[-1.76,37.25]]],[[[-1.77,37.25],[-1.77,37.25]]],[[[-1.72,37.29],[-1.72,37.29]]],[[[-1.73,37.28],[-1.73,37.28]]],[[[-1.76,37.25],[-1.76,37.25]]],[[[-1.76,37.26],[-1.76,37.26]]],[[[-1.7,37.32],[-1.7,37.32]]],[[[-1.73,37.29],[-1.73,37.29]]],[[[-1.73,37.28],[-1.73,37.28]]],[[[-1.72,37.29],[-1.72,37.29]]],[[[-1.7,37.32],[-1.7,37.32]]],[[[-1.7,37.33],[-1.7,37.33]]],[[[-1.76,37.26],[-1.76,37.26]]],[[[-5.44,36.06],[-5.44,36.06]]],[[[-1.7,37.32],[-1.7,37.32]]],[[[-1.76,37.26],[-1.76,37.26]]],[[[-1.77,37.25],[-1.77,37.25]]],[[[-5.44,36.06],[-5.44,36.06]]],[[[-1.75,37.27],[-1.75,37.27]]],[[[-1.7,37.32],[-1.7,37.32]]],[[[-1.73,37.28],[-1.73,37.28]]],[[[-1.76,37.25],[-1.76,37.25]]],[[[-1.7,37.32],[-1.7,37.32]]],[[[-1.71,37.3],[-1.71,37.3]]],[[[-1.7,37.32],[-1.7,37.32]]],[[[-1.77,37.25],[-1.77,37.25]]],[[[-1.77,37.24],[-1.77,37.24]]],[[[-1.71,37.3],[-1.71,37.3]]],[[[-1.7,37.31],[-1.7,37.31]]],[[[-1.72,37.29],[-1.72,37.29]]],[[[-1.7,37.32],[-1.7,37.32]]],[[[-1.7,37.31],[-1.7,37.31]]],[[[-1.7,37.32],[-1.7,37.32]]],[[[-1.76,37.25],[-1.76,37.25]]],[[[-1.71,37.31],[-1.71,37.31]]],[[[-1.74,37.28],[-1.74,37.28]]],[[[-1.74,37.28],[-1.74,37.28]]],[[[-1.7,37.32],[-1.7,37.32]]],[[[-1.7,37.31],[-1.7,37.31]]],[[[-1.77,37.24],[-1.77,37.24]]]]},"properties":{"name":"Andalucia"}},{"type":"Feature","geometry":{"type":"MultiPolygon","coordinates":[[[[-5.84,43.66],[-5.76,43.58],[-5.68,43.54],[-5.49,43.54],[-5.41,43.56],[-5.29,43.54],[-5.22,43.48],[-5.12,43.49],[-5.04,43.46],[-4.93,43.46],[-4.7,43.41],[-4.57,43.39],[-4.52,43.28],[-4.61,43.3],[-4.73,43.26],[-4.75,43.18],[-4.84,43.18],[-4.91,43.24],[-5,43.17],[-5.08,43.18],[-5.1,43.1],[-5.22,43.08],[-5.37,43.1],[-5.48,43.06],[-5.57,43.02],[-5.69,43.06],[-5.76,42.97],[-5.91,42.99],[-5.97,43.07],[-6.08,43.08],[-6.14,43.02],[-6.23,43.01],[-6.33,43.03],[-6.41,43],[-6.54,42.91],[-6.64,42.93],[-6.72,42.92],[-6.84,42.92],[-6.96,43.04],[-6.83,43.12],[-6.96,43.14],[-7,43.21],[-7.06,43.31],[-7.13,43.37],[-7.05,43.48],[-7.02,43.56],[-6.92,43.58],[-6.83,43.57],[-6.73,43.56],[-6.63,43.57],[-6.53,43.55],[-6.43,43.55],[-6.3,43.56],[-6.2,43.57],[-6.11,43.56],[-6.02,43.59],[-5.91,43.61],[-5.84,43.66]],[[-5.59,43.55],[-5.59,43.55]],[[-6.93,43.57],[-6.93,43.57]],[[-5.6,43.55],[-5.6,43.55]],[[-4.89,43.45],[-4.89,43.45]],[[-5.61,43.56],[-5.61,43.56]],[[-6.25,43.58],[-6.25,43.58]],[[-4.61,43.4],[-4.61,43.4]],[[-6.45,43.56],[-6.45,43.56]],[[-4.63,43.4],[-4.63,43.4]],[[-6.45,43.56],[-6.45,43.56]],[[-4.63,43.4],[-4.63,43.4]],[[-4.63,43.4],[-4.63,43.4]],[[-5.61,43.55],[-5.61,43.55]],[[-4.62,43.4],[-4.62,43.4]],[[-6.46,43.57],[-6.46,43.57]],[[-6.45,43.56],[-6.45,43.56]],[[-6.45,43.56],[-6.45,43.56]],[[-7.02,43.56],[-7.02,43.56]],[[-6.25,43.58],[-6.25,43.58]],[[-6.93,43.57],[-6.93,43.57]],[[-4.9,43.45],[-4.9,43.45]],[[-6.46,43.57],[-6.46,43.57]],[[-6.45,43.57],[-6.45,43.57]],[[-7.03,43.55],[-7.03,43.55]],[[-4.86,43.45],[-4.86,43.45]],[[-6.45,43.56],[-6.45,43.56]],[[-5.6,43.55],[-5.6,43.55]],[[-6.45,43.56],[-6.45,43.56]],[[-6.45,43.56],[-6.45,43.56]],[[-5.62,43.56],[-5.62,43.56]],[[-6.01,43.58],[-6.01,43.58]],[[-4.91,43.46],[-4.91,43.46]],[[-6.45,43.57],[-6.45,43.57]],[[-6.15,43.57],[-6.15,43.57]],[[-6.01,43.58],[-6.01,43.58]],[[-6.45,43.56],[-6.45,43.56]],[[-6.46,43.57],[-6.46,43.57]],[[-6.45,43.57],[-6.45,43.57]],[[-6.94,43.57],[-6.94,43.57]],[[-6.45,43.56],[-6.45,43.56]],[[-6.02,43.59],[-6.02,43.59]],[[-6.46,43.57],[-6.46,43.57]],[[-6.45,43.56],[-6.45,43.56]],[[-6.45,43.56],[-6.45,43.56]],[[-6.45,43.57],[-6.45,43.57]],[[-6.45,43.56],[-6.45,43.56]],[[-6.45,43.56],[-6.45,43.56]],[[-6.45,43.56],[-6.45,43.56]],[[-6.45,43.56],[-6.45,43.56]],[[-6.45,43.56],[-6.45,43.56]],[[-6.46,43.57],[-6.46,43.57]],[[-6.45,43.56],[-6.45,43.56]],[[-6.46,43.57],[-6.46,43.57]],[[-6.46,43.57],[-6.46,43.57]],[[-6.46,43.57],[-6.46,43.57]],[[-6.46,43.57],[-6.46,43.57]],[[-6.12,43.56],[-6.12,43.56]],[[-6.45,43.56],[-6.45,43.56]],[[-6.46,43.57],[-6.46,43.57]],[[-6.46,43.57],[-6.46,43.57]]],[[[-6.03,43.59],[-6.03,43.59]]],[[[-4.79,43.44],[-4.79,43.44]]],[[[-4.57,43.4],[-4.57,43.4]]],[[[-5.86,43.66],[-5.86,43.66]]],[[[-4.81,43.44],[-4.81,43.44]]],[[[-6.98,43.56],[-6.98,43.56]]],[[[-6.75,43.57],[-6.75,43.57]]],[[[-6.99,43.56],[-6.99,43.56]]],[[[-6.66,43.57],[-6.66,43.57]]],[[[-6.29,43.57],[-6.29,43.57]]],[[[-6.19,43.58],[-6.19,43.58]]],[[[-4.73,43.42],[-4.73,43.42]]],[[[-6.42,43.56],[-6.42,43.56]]],[[[-6.87,43.57],[-6.87,43.57]]],[[[-4.82,43.44],[-4.82,43.44]]],[[[-4.82,43.44],[-4.82,43.44]]],[[[-6.1,43.56],[-6.1,43.56]]],[[[-6.24,43.6],[-6.24,43.6]]],[[[-5.76,43.61],[-5.76,43.61]]],[[[-4.78,43.43],[-4.78,43.43]]],[[[-4.71,43.42],[-4.71,43.42]]],[[[-4.8,43.43],[-4.8,43.43]]],[[[-6.23,43.59],[-6.23,43.59]]],[[[-6.95,43.57],[-6.95,43.57]]],[[[-6.87,43.57],[-6.87,43.57]]],[[[-6.07,43.57],[-6.07,43.57]]],[[[-6.23,43.59],[-6.23,43.59]]],[[[-5.85,43.66],[-5.85,43.66]]],[[[-6.76,43.57],[-6.76,43.57]]],[[[-6.89,43.57],[-6.89,43.57]]],[[[-6.77,43.57],[-6.77,43.57]]],[[[-6.46,43.57],[-6.46,43.57]]],[[[-6.49,43.55],[-6.49,43.55]]],[[[-4.74,43.42],[-4.74,43.42]]],[[[-6.32,43.56],[-6.32,43.56]]],[[[-6.38,43.56],[-6.38,43.56]]],[[[-7.02,43.56],[-7.02,43.56]]],[[[-6.87,43.57],[-6.87,43.57]]],[[[-4.86,43.45],[-4.86,43.45]]],[[[-6.31,43.57],[-6.31,43.57]]],[[[-6.95,43.57],[-6.95,43.57]]],[[[-6.96,43.57],[-6.96,43.57]]],[[[-6.87,43.57],[-6.87,43.57]]],[[[-6.03,43.59],[-6.03,43.59]]],[[[-4.73,43.42],[-4.73,43.42]]],[[[-6.4,43.57],[-6.4,43.57]]],[[[-6.27,43.58],[-6.27,43.58]]],[[[-6.4,43.57],[-6.4,43.57]]],[[[-6.28,43.57],[-6.28,43.57]]],[[[-6.28,43.58],[-6.28,43.58]]],[[[-6.89,43.57],[-6.89,43.57]]],[[[-6.38,43.56],[-6.38,43.56]]],[[[-5.74,43.58],[-5.74,43.58]]],[[[-6.51,43.55],[-6.51,43.55]]],[[[-6.27,43.58],[-6.27,43.58]]],[[[-6.79,43.56],[-6.79,43.56]]],[[[-6.95,43.58],[-6.95,43.58]]],[[[-4.95,43.46],[-4.95,43.46]]],[[[-6.34,43.56],[-6.34,43.56]]],[[[-4.8,43.44],[-4.8,43.44]]],[[[-6.42,43.56],[-6.42,43.56]]],[[[-6.41,43.56],[-6.41,43.56]]],[[[-6.33,43.56],[-6.33,43.56]]],[[[-4.73,43.42],[-4.73,43.42]]],[[[-6.27,43.58],[-6.27,43.58]]],[[[-4.82,43.44],[-4.82,43.44]]],[[[-6.88,43.56],[-6.88,43.56]]],[[[-6.75,43.56],[-6.75,43.56]]],[[[-6.81,43.56],[-6.81,43.56]]],[[[-6.17,43.57],[-6.17,43.57]]],[[[-6.36,43.55],[-6.36,43.55]]],[[[-6.79,43.56],[-6.79,43.56]]],[[[-6.23,43.59],[-6.23,43.59]]],[[[-6.82,43.56],[-6.82,43.56]]],[[[-6.32,43.56],[-6.32,43.56]]],[[[-4.62,43.4],[-4.62,43.4]]],[[[-6.3,43.57],[-6.3,43.57]]],[[[-6.47,43.56],[-6.47,43.56]]],[[[-6.4,43.56],[-6.4,43.56]]],[[[-6.4,43.57],[-6.4,43.57]]],[[[-6.33,43.56],[-6.33,43.56]]],[[[-6.47,43.57],[-6.47,43.57]]],[[[-4.85,43.45],[-4.85,43.45]]],[[[-6.29,43.57],[-6.29,43.57]]],[[[-5.78,43.61],[-5.78,43.61]]],[[[-6.51,43.55],[-6.51,43.55]]],[[[-6.49,43.55],[-6.49,43.55]]],[[[-5.84,43.66],[-5.84,43.66]]],[[[-6.91,43.57],[-6.91,43.57]]],[[[-6.63,43.58],[-6.63,43.58]]],[[[-6.94,43.57],[-6.94,43.57]]],[[[-6.31,43.57],[-6.31,43.57]]],[[[-6.36,43.55],[-6.36,43.55]]],[[[-6.85,43.57],[-6.85,43.57]]],[[[-6.5,43.55],[-6.5,43.55]]],[[[-4.78,43.43],[-4.78,43.43]]],[[[-6.42,43.56],[-6.42,43.56]]],[[[-6.94,43.57],[-6.94,43.57]]],[[[-5.22,43.48],[-5.22,43.48]]],[[[-6.36,43.56],[-6.36,43.56]]],[[[-6.78,43.57],[-6.78,43.57]]],[[[-6.19,43.58],[-6.19,43.58]]],[[[-6.5,43.55],[-6.5,43.55]]],[[[-6.41,43.56],[-6.41,43.56]]],[[[-6.47,43.57],[-6.47,43.57]]],[[[-4.82,43.44],[-4.82,43.44]]],[[[-6.32,43.56],[-6.32,43.56]]],[[[-6.79,43.56],[-6.79,43.56]]],[[[-6.78,43.57],[-6.78,43.57]]],[[[-6.89,43.57],[-6.89,43.57]]],[[[-4.83,43.44],[-4.83,43.44]]],[[[-6.48,43.55],[-6.48,43.55]]],[[[-6.88,43.56],[-6.88,43.56]]],[[[-6.99,43.56],[-6.99,43.56]]],[[[-6.34,43.56],[-6.34,43.56]]],[[[-6.14,43.57],[-6.14,43.57]]],[[[-5.78,43.61],[-5.78,43.61]]],[[[-6.47,43.56],[-6.47,43.56]]],[[[-6.79,43.57],[-6.79,43.57]]],[[[-6.77,43.57],[-6.77,43.57]]],[[[-6.29,43.57],[-6.29,43.57]]],[[[-6.75,43.57],[-6.75,43.57]]],[[[-6.7,43.56],[-6.7,43.56]]],[[[-6.44,43.56],[-6.44,43.56]]],[[[-5.86,43.66],[-5.86,43.66]]],[[[-5.86,43.67],[-5.86,43.67]]],[[[-6.85,43.57],[-6.85,43.57]]],[[[-6.38,43.56],[-6.38,43.56]]],[[[-6.51,43.55],[-6.51,43.55]]],[[[-6.15,43.57],[-6.15,43.57]]],[[[-6.86,43.57],[-6.86,43.57]]],[[[-6.66,43.57],[-6.66,43.57]]],[[[-6.38,43.56],[-6.38,43.56]]],[[[-4.56,43.4],[-4.56,43.4]]],[[[-6.77,43.57],[-6.77,43.57]]],[[[-6.4,43.56],[-6.4,43.56]]],[[[-6.48,43.55],[-6.48,43.55]]],[[[-5.89,43.63],[-5.89,43.63]]],[[[-4.78,43.43],[-4.78,43.43]]],[[[-6.32,43.56],[-6.32,43.56]]],[[[-6.75,43.57],[-6.75,43.57]]],[[[-6.87,43.57],[-6.87,43.57]]],[[[-6.96,43.57],[-6.96,43.57]]],[[[-6.09,43.56],[-6.09,43.56]]],[[[-6.19,43.58],[-6.19,43.58]]],[[[-6.76,43.57],[-6.76,43.57]]],[[[-6.78,43.57],[-6.78,43.57]]],[[[-6.29,43.57],[-6.29,43.57]]],[[[-6.21,43.59],[-6.21,43.59]]],[[[-6.78,43.57],[-6.78,43.57]]],[[[-6.29,43.58],[-6.29,43.58]]],[[[-6.66,43.57],[-6.66,43.57]]],[[[-6.33,43.56],[-6.33,43.56]]],[[[-6.75,43.57],[-6.75,43.57]]],[[[-6.3,43.56],[-6.3,43.56]]],[[[-6.34,43.56],[-6.34,43.56]]],[[[-6.81,43.56],[-6.81,43.56]]],[[[-4.58,43.4],[-4.58,43.4]]],[[[-4.76,43.43],[-4.76,43.43]]],[[[-6.48,43.57],[-6.48,43.57]]],[[[-6.94,43.57],[-6.94,43.57]]],[[[-6.81,43.56],[-6.81,43.56]]],[[[-6.4,43.57],[-6.4,43.57]]],[[[-6.32,43.57],[-6.32,43.57]]],[[[-6.27,43.58],[-6.27,43.58]]],[[[-5.88,43.63],[-5.88,43.63]]],[[[-4.85,43.45],[-4.85,43.45]]],[[[-6.44,43.56],[-6.44,43.56]]],[[[-6.43,43.56],[-6.43,43.56]]],[[[-6.87,43.57],[-6.87,43.57]]],[[[-6.39,43.56],[-6.39,43.56]]],[[[-6.81,43.56],[-6.81,43.56]]],[[[-6.87,43.57],[-6.87,43.57]]],[[[-4.56,43.39],[-4.56,43.39]]],[[[-6.89,43.57],[-6.89,43.57]]],[[[-6.94,43.57],[-6.94,43.57]]],[[[-6.4,43.56],[-6.4,43.56]]],[[[-5.79,43.62],[-5.79,43.62]]],[[[-4.78,43.43],[-4.78,43.43]]],[[[-6.3,43.57],[-6.3,43.57]]],[[[-6.78,43.57],[-6.78,43.57]]],[[[-6.04,43.58],[-6.04,43.58]]],[[[-4.57,43.39],[-4.57,43.39]]],[[[-6.63,43.57],[-6.63,43.57]]],[[[-6.41,43.56],[-6.41,43.56]]],[[[-6.95,43.58],[-6.95,43.58]]],[[[-6.8,43.56],[-6.8,43.56]]],[[[-6.39,43.56],[-6.39,43.56]]],[[[-4.64,43.4],[-4.64,43.4]]],[[[-6.8,43.56],[-6.8,43.56]]],[[[-4.84,43.45],[-4.84,43.45]]],[[[-6.16,43.57],[-6.16,43.57]]],[[[-6.8,43.56],[-6.8,43.56]]],[[[-6.39,43.56],[-6.39,43.56]]],[[[-6.79,43.56],[-6.79,43.56]]],[[[-6.78,43.57],[-6.78,43.57]]],[[[-6.41,43.56],[-6.41,43.56]]],[[[-6.29,43.57],[-6.29,43.57]]],[[[-6.83,43.57],[-6.83,43.57]]],[[[-6.78,43.57],[-6.78,43.57]]],[[[-6.37,43.55],[-6.37,43.55]]],[[[-4.57,43.39],[-4.57,43.39]]],[[[-6.17,43.57],[-6.17,43.57]]],[[[-4.56,43.39],[-4.56,43.39]]],[[[-7.02,43.56],[-7.02,43.56]]],[[[-6.39,43.56],[-6.39,43.56]]],[[[-6.43,43.56],[-6.43,43.56]]],[[[-4.58,43.4],[-4.58,43.4]]],[[[-6.4,43.56],[-6.4,43.56]]],[[[-6.29,43.57],[-6.29,43.57]]],[[[-7.02,43.56],[-7.02,43.56]]],[[[-6.48,43.56],[-6.48,43.56]]],[[[-6.02,43.59],[-6.02,43.59]]],[[[-4.57,43.4],[-4.57,43.4]]],[[[-6.14,43.57],[-6.14,43.57]]],[[[-6.81,43.56],[-6.81,43.56]]],[[[-6,43.58],[-6,43.58]]],[[[-6.89,43.57],[-6.89,43.57]]],[[[-6.4,43.56],[-6.4,43.56]]],[[[-6.41,43.56],[-6.41,43.56]]],[[[-6.78,43.57],[-6.78,43.57]]],[[[-6.41,43.56],[-6.41,43.56]]],[[[-6.04,43.58],[-6.04,43.58]]],[[[-6.03,43.58],[-6.03,43.58]]],[[[-5.99,43.58],[-5.99,43.58]]],[[[-6.3,43.57],[-6.3,43.57]]],[[[-6.39,43.56],[-6.39,43.56]]],[[[-6.38,43.56],[-6.38,43.56]]],[[[-6.41,43.56],[-6.41,43.56]]],[[[-6.87,43.57],[-6.87,43.57]]],[[[-6.41,43.56],[-6.41,43.56]]],[[[-6.5,43.55],[-6.5,43.55]]],[[[-6.75,43.57],[-6.75,43.57]]],[[[-7.01,43.56],[-7.01,43.56]]],[[[-6.76,43.57],[-6.76,43.57]]],[[[-6.81,43.56],[-6.81,43.56]]],[[[-5.77,43.6],[-5.77,43.6]]],[[[-6.95,43.58],[-6.95,43.58]]],[[[-6.74,43.57],[-6.74,43.57]]],[[[-6.88,43.56],[-6.88,43.56]]],[[[-5.01,43.46],[-5.01,43.46]]],[[[-6.8,43.56],[-6.8,43.56]]],[[[-6.43,43.56],[-6.43,43.56]]],[[[-6.82,43.56],[-6.82,43.56]]],[[[-5.84,43.66],[-5.84,43.66]]],[[[-6.44,43.56],[-6.44,43.56]]],[[[-6.39,43.56],[-6.39,43.56]]],[[[-6.77,43.57],[-6.77,43.57]]],[[[-6.36,43.55],[-6.36,43.55]]],[[[-6.79,43.56],[-6.79,43.56]]],[[[-6.3,43.57],[-6.3,43.57]]],[[[-6.31,43.57],[-6.31,43.57]]],[[[-6.78,43.56],[-6.78,43.56]]],[[[-6.31,43.57],[-6.31,43.57]]],[[[-7.01,43.56],[-7.01,43.56]]],[[[-6.78,43.56],[-6.78,43.56]]],[[[-6.81,43.56],[-6.81,43.56]]],[[[-6.31,43.57],[-6.31,43.57]]],[[[-4.57,43.39],[-4.57,43.39]]],[[[-6.34,43.56],[-6.34,43.56]]],[[[-6.29,43.57],[-6.29,43.57]]],[[[-6.45,43.56],[-6.45,43.56]]],[[[-6.17,43.57],[-6.17,43.57]]],[[[-6.14,43.57],[-6.14,43.57]]],[[[-6.38,43.56],[-6.38,43.56]]],[[[-6.02,43.59],[-6.02,43.59]]],[[[-6.11,43.56],[-6.11,43.56]]],[[[-6.19,43.58],[-6.19,43.58]]],[[[-6.78,43.57],[-6.78,43.57]]],[[[-6.3,43.57],[-6.3,43.57]]],[[[-6.43,43.56],[-6.43,43.56]]],[[[-6.32,43.57],[-6.32,43.57]]],[[[-6.76,43.56],[-6.76,43.56]]],[[[-6.14,43.57],[-6.14,43.57]]],[[[-6.79,43.56],[-6.79,43.56]]],[[[-6.75,43.57],[-6.75,43.57]]],[[[-6.94,43.58],[-6.94,43.58]]],[[[-6.38,43.56],[-6.38,43.56]]],[[[-6.44,43.56],[-6.44,43.56]]],[[[-6.42,43.56],[-6.42,43.56]]],[[[-6.8,43.56],[-6.8,43.56]]],[[[-6.43,43.55],[-6.43,43.55]]],[[[-4.84,43.44],[-4.84,43.44]]],[[[-6.31,43.57],[-6.31,43.57]]],[[[-6.39,43.56],[-6.39,43.56]]],[[[-6.4,43.56],[-6.4,43.56]]],[[[-6.12,43.56],[-6.12,43.56]]],[[[-7.02,43.56],[-7.02,43.56]]],[[[-7.01,43.56],[-7.01,43.56]]],[[[-6.05,43.58],[-6.05,43.58]]],[[[-5.88,43.63],[-5.88,43.63]]],[[[-6.4,43.56],[-6.4,43.56]]],[[[-6.44,43.56],[-6.44,43.56]]],[[[-6.95,43.58],[-6.95,43.58]]],[[[-6.04,43.58],[-6.04,43.58]]],[[[-6.39,43.56],[-6.39,43.56]]],[[[-6.04,43.58],[-6.04,43.58]]],[[[-4.74,43.42],[-4.74,43.42]]],[[[-6.81,43.56],[-6.81,43.56]]],[[[-6.02,43.59],[-6.02,43.59]]],[[[-6.77,43.57],[-6.77,43.57]]],[[[-4.56,43.39],[-4.56,43.39]]],[[[-6.91,43.57],[-6.91,43.57]]],[[[-6.88,43.57],[-6.88,43.57]]],[[[-4.58,43.4],[-4.58,43.4]]],[[[-6.86,43.57],[-6.86,43.57]]],[[[-6.27,43.58],[-6.27,43.58]]],[[[-6.96,43.56],[-6.96,43.56]]],[[[-6.42,43.55],[-6.42,43.55]]],[[[-6.87,43.57],[-6.87,43.57]]],[[[-6.82,43.56],[-6.82,43.56]]],[[[-6.34,43.56],[-6.34,43.56]]],[[[-6.4,43.56],[-6.4,43.56]]],[[[-6.82,43.56],[-6.82,43.56]]],[[[-6.19,43.58],[-6.19,43.58]]],[[[-5.88,43.63],[-5.88,43.63]]],[[[-5.89,43.63],[-5.89,43.63]]],[[[-6.13,43.56],[-6.13,43.56]]],[[[-6.37,43.56],[-6.37,43.56]]],[[[-6.15,43.57],[-6.15,43.57]]],[[[-5.91,43.62],[-5.91,43.62]]],[[[-4.78,43.43],[-4.78,43.43]]],[[[-6.6,43.57],[-6.6,43.57]]],[[[-6.16,43.57],[-6.16,43.57]]],[[[-5.84,43.67],[-5.84,43.67]]],[[[-6.28,43.57],[-6.28,43.57]]],[[[-6.4,43.56],[-6.4,43.56]]],[[[-6.95,43.58],[-6.95,43.58]]],[[[-4.74,43.42],[-4.74,43.42]]],[[[-6.86,43.57],[-6.86,43.57]]],[[[-6.85,43.57],[-6.85,43.57]]],[[[-6.38,43.56],[-6.38,43.56]]],[[[-6.78,43.56],[-6.78,43.56]]],[[[-6.83,43.57],[-6.83,43.57]]],[[[-6.04,43.58],[-6.04,43.58]]],[[[-6.32,43.57],[-6.32,43.57]]],[[[-6.76,43.57],[-6.76,43.57]]],[[[-6.35,43.55],[-6.35,43.55]]],[[[-6.42,43.56],[-6.42,43.56]]],[[[-5.87,43.63],[-5.87,43.63]]],[[[-6.75,43.57],[-6.75,43.57]]],[[[-6.17,43.57],[-6.17,43.57]]],[[[-6.32,43.57],[-6.32,43.57]]],[[[-6.82,43.56],[-6.82,43.56]]],[[[-6.37,43.56],[-6.37,43.56]]],[[[-5.86,43.66],[-5.86,43.66]]],[[[-6.03,43.59],[-6.03,43.59]]],[[[-6.36,43.56],[-6.36,43.56]]],[[[-6.11,43.56],[-6.11,43.56]]],[[[-6.17,43.57],[-6.17,43.57]]],[[[-6.02,43.59],[-6.02,43.59]]],[[[-5.97,43.58],[-5.97,43.58]]],[[[-6.63,43.57],[-6.63,43.57]]],[[[-6.86,43.57],[-6.86,43.57]]],[[[-6.19,43.58],[-6.19,43.58]]],[[[-5.83,43.65],[-5.83,43.65]]],[[[-6.99,43.56],[-6.99,43.56]]],[[[-6.33,43.56],[-6.33,43.56]]],[[[-6.41,43.56],[-6.41,43.56]]],[[[-6.87,43.57],[-6.87,43.57]]],[[[-6.42,43.56],[-6.42,43.56]]],[[[-6.36,43.55],[-6.36,43.55]]],[[[-6.41,43.56],[-6.41,43.56]]],[[[-6.15,43.57],[-6.15,43.57]]],[[[-6.85,43.57],[-6.85,43.57]]],[[[-6.44,43.56],[-6.44,43.56]]],[[[-6.63,43.57],[-6.63,43.57]]],[[[-6.17,43.57],[-6.17,43.57]]],[[[-6.42,43.56],[-6.42,43.56]]],[[[-6.37,43.56],[-6.37,43.56]]],[[[-6.29,43.57],[-6.29,43.57]]],[[[-6.3,43.57],[-6.3,43.57]]],[[[-6.02,43.59],[-6.02,43.59]]],[[[-6.03,43.59],[-6.03,43.59]]],[[[-6.29,43.57],[-6.29,43.57]]],[[[-6.09,43.56],[-6.09,43.56]]],[[[-6.28,43.58],[-6.28,43.58]]],[[[-6.03,43.58],[-6.03,43.58]]],[[[-6.4,43.56],[-6.4,43.56]]],[[[-6.34,43.56],[-6.34,43.56]]],[[[-5.77,43.61],[-5.77,43.61]]],[[[-6.03,43.59],[-6.03,43.59]]],[[[-6.41,43.56],[-6.41,43.56]]],[[[-6.95,43.57],[-6.95,43.57]]],[[[-5.86,43.65],[-5.86,43.65]]],[[[-6.42,43.56],[-6.42,43.56]]],[[[-6.09,43.56],[-6.09,43.56]]],[[[-6.28,43.58],[-6.28,43.58]]],[[[-6.78,43.56],[-6.78,43.56]]],[[[-5.88,43.63],[-5.88,43.63]]],[[[-6.04,43.58],[-6.04,43.58]]],[[[-6.81,43.56],[-6.81,43.56]]],[[[-6.78,43.56],[-6.78,43.56]]],[[[-6.19,43.58],[-6.19,43.58]]],[[[-6.87,43.57],[-6.87,43.57]]],[[[-6.37,43.56],[-6.37,43.56]]],[[[-6.28,43.58],[-6.28,43.58]]],[[[-6.39,43.56],[-6.39,43.56]]],[[[-6.44,43.56],[-6.44,43.56]]],[[[-6.63,43.57],[-6.63,43.57]]],[[[-5.83,43.65],[-5.83,43.65]]],[[[-5.01,43.46],[-5.01,43.46]]],[[[-6.09,43.56],[-6.09,43.56]]],[[[-6.82,43.56],[-6.82,43.56]]],[[[-6.81,43.56],[-6.81,43.56]]],[[[-6.43,43.56],[-6.43,43.56]]],[[[-5.9,43.63],[-5.9,43.63]]],[[[-5.87,43.66],[-5.87,43.66]]],[[[-5.86,43.65],[-5.86,43.65]]],[[[-6.15,43.57],[-6.15,43.57]]],[[[-6.15,43.57],[-6.15,43.57]]],[[[-6.46,43.57],[-6.46,43.57]]],[[[-6.36,43.55],[-6.36,43.55]]],[[[-6.41,43.56],[-6.41,43.56]]],[[[-6.02,43.59],[-6.02,43.59]]],[[[-6.04,43.58],[-6.04,43.58]]],[[[-6.17,43.57],[-6.17,43.57]]],[[[-5.91,43.61],[-5.91,43.61]]],[[[-5.87,43.63],[-5.87,43.63]]],[[[-6.09,43.56],[-6.09,43.56]]],[[[-6.37,43.56],[-6.37,43.56]]],[[[-6.17,43.57],[-6.17,43.57]]],[[[-6.19,43.58],[-6.19,43.58]]],[[[-5.9,43.63],[-5.9,43.63]]],[[[-6.43,43.56],[-6.43,43.56]]],[[[-5.86,43.66],[-5.86,43.66]]],[[[-5.78,43.61],[-5.78,43.61]]],[[[-6.81,43.56],[-6.81,43.56]]],[[[-6.37,43.56],[-6.37,43.56]]],[[[-6.62,43.57],[-6.62,43.57]]],[[[-6.87,43.57],[-6.87,43.57]]],[[[-6.79,43.56],[-6.79,43.56]]],[[[-6.18,43.57],[-6.18,43.57]]],[[[-6.4,43.56],[-6.4,43.56]]],[[[-6.16,43.57],[-6.16,43.57]]],[[[-6.87,43.57],[-6.87,43.57]]],[[[-6.37,43.56],[-6.37,43.56]]],[[[-6.17,43.57],[-6.17,43.57]]],[[[-6.44,43.56],[-6.44,43.56]]],[[[-6.41,43.56],[-6.41,43.56]]],[[[-6.86,43.57],[-6.86,43.57]]],[[[-5.86,43.64],[-5.86,43.64]]],[[[-6.4,43.56],[-6.4,43.56]]],[[[-6.44,43.56],[-6.44,43.56]]],[[[-6.87,43.57],[-6.87,43.57]]],[[[-6.88,43.57],[-6.88,43.57]]],[[[-6.28,43.58],[-6.28,43.58]]],[[[-5.87,43.64],[-5.87,43.64]]],[[[-6.37,43.56],[-6.37,43.56]]],[[[-6.08,43.57],[-6.08,43.57]]],[[[-6.02,43.59],[-6.02,43.59]]],[[[-6.1,43.56],[-6.1,43.56]]],[[[-6.76,43.57],[-6.76,43.57]]],[[[-6.85,43.57],[-6.85,43.57]]],[[[-6.42,43.56],[-6.42,43.56]]],[[[-5.89,43.63],[-5.89,43.63]]],[[[-6.85,43.57],[-6.85,43.57]]],[[[-6.85,43.57],[-6.85,43.57]]],[[[-5.87,43.66],[-5.87,43.66]]],[[[-6.17,43.57],[-6.17,43.57]]],[[[-6.44,43.56],[-6.44,43.56]]],[[[-6.88,43.57],[-6.88,43.57]]],[[[-6.43,43.55],[-6.43,43.55]]],[[[-6.44,43.56],[-6.44,43.56]]],[[[-6.17,43.57],[-6.17,43.57]]],[[[-6.3,43.57],[-6.3,43.57]]],[[[-6.38,43.56],[-6.38,43.56]]],[[[-6.44,43.56],[-6.44,43.56]]],[[[-6.38,43.56],[-6.38,43.56]]],[[[-6.42,43.56],[-6.42,43.56]]],[[[-6.85,43.57],[-6.85,43.57]]],[[[-5.86,43.66],[-5.86,43.66]]],[[[-6.44,43.56],[-6.44,43.56]]],[[[-5.83,43.65],[-5.83,43.65]]],[[[-6.11,43.56],[-6.11,43.56]]],[[[-6.18,43.57],[-6.18,43.57]]],[[[-6.44,43.56],[-6.44,43.56]]],[[[-5.79,43.63],[-5.79,43.63]]],[[[-6.02,43.59],[-6.02,43.59]]],[[[-6.02,43.59],[-6.02,43.59]]],[[[-6.76,43.57],[-6.76,43.57]]],[[[-6.29,43.57],[-6.29,43.57]]],[[[-6.09,43.56],[-6.09,43.56]]],[[[-6.17,43.57],[-6.17,43.57]]],[[[-6.18,43.57],[-6.18,43.57]]],[[[-6.37,43.56],[-6.37,43.56]]],[[[-6.95,43.58],[-6.95,43.58]]],[[[-6.37,43.56],[-6.37,43.56]]],[[[-6.14,43.57],[-6.14,43.57]]],[[[-6.87,43.57],[-6.87,43.57]]],[[[-5.86,43.65],[-5.86,43.65]]],[[[-6.43,43.56],[-6.43,43.56]]],[[[-5.86,43.66],[-5.86,43.66]]],[[[-6.17,43.57],[-6.17,43.57]]],[[[-5.86,43.67],[-5.86,43.67]]],[[[-6.09,43.56],[-6.09,43.56]]],[[[-6.11,43.56],[-6.11,43.56]]],[[[-6.03,43.59],[-6.03,43.59]]],[[[-6.17,43.57],[-6.17,43.57]]],[[[-6.03,43.59],[-6.03,43.59]]],[[[-6.44,43.56],[-6.44,43.56]]],[[[-6.44,43.56],[-6.44,43.56]]],[[[-6.87,43.57],[-6.87,43.57]]],[[[-6.18,43.57],[-6.18,43.57]]],[[[-5.86,43.66],[-5.86,43.66]]],[[[-6.09,43.56],[-6.09,43.56]]],[[[-6.18,43.57],[-6.18,43.57]]],[[[-6.44,43.56],[-6.44,43.56]]],[[[-5.86,43.67],[-5.86,43.67]]],[[[-6.44,43.56],[-6.44,43.56]]],[[[-6.44,43.56],[-6.44,43.56]]],[[[-6.11,43.56],[-6.11,43.56]]],[[[-6.02,43.59],[-6.02,43.59]]],[[[-6.37,43.56],[-6.37,43.56]]],[[[-6.36,43.55],[-6.36,43.55]]],[[[-6.37,43.56],[-6.37,43.56]]],[[[-6.43,43.55],[-6.43,43.55]]],[[[-5.7,43.57],[-5.7,43.57]]],[[[-6.11,43.56],[-6.11,43.56]]],[[[-5.85,43.66],[-5.85,43.66]]],[[[-6.02,43.59],[-6.02,43.59]]],[[[-6.18,43.57],[-6.18,43.57]]],[[[-5.86,43.66],[-5.86,43.66]]],[[[-6.44,43.56],[-6.44,43.56]]],[[[-5.86,43.66],[-5.86,43.66]]],[[[-6.44,43.56],[-6.44,43.56]]],[[[-5.83,43.66],[-5.83,43.66]]],[[[-6.1,43.56],[-6.1,43.56]]],[[[-5.9,43.63],[-5.9,43.63]]],[[[-6.29,43.57],[-6.29,43.57]]],[[[-5.88,43.63],[-5.88,43.63]]],[[[-6.37,43.56],[-6.37,43.56]]],[[[-5.86,43.66],[-5.86,43.66]]],[[[-6.19,43.58],[-6.19,43.58]]],[[[-5.86,43.66],[-5.86,43.66]]],[[[-5.86,43.66],[-5.86,43.66]]],[[[-6.17,43.57],[-6.17,43.57]]],[[[-6.43,43.56],[-6.43,43.56]]],[[[-6.85,43.57],[-6.85,43.57]]],[[[-6.44,43.56],[-6.44,43.56]]],[[[-6.44,43.56],[-6.44,43.56]]],[[[-6.42,43.56],[-6.42,43.56]]],[[[-6.42,43.56],[-6.42,43.56]]],[[[-6.12,43.56],[-6.12,43.56]]],[[[-6.18,43.57],[-6.18,43.57]]],[[[-6.42,43.56],[-6.42,43.56]]],[[[-6.37,43.56],[-6.37,43.56]]],[[[-5.7,43.57],[-5.7,43.57]]],[[[-6.44,43.56],[-6.44,43.56]]],[[[-5.87,43.66],[-5.87,43.66]]],[[[-6.87,43.56],[-6.87,43.56]]],[[[-6.41,43.56],[-6.41,43.56]]],[[[-6.03,43.59],[-6.03,43.59]]],[[[-5.9,43.63],[-5.9,43.63]]],[[[-5.88,43.63],[-5.88,43.63]]],[[[-6.14,43.57],[-6.14,43.57]]],[[[-6.44,43.56],[-6.44,43.56]]],[[[-5.7,43.57],[-5.7,43.57]]],[[[-6.19,43.58],[-6.19,43.58]]],[[[-6.41,43.56],[-6.41,43.56]]],[[[-5.86,43.65],[-5.86,43.65]]],[[[-6.37,43.56],[-6.37,43.56]]],[[[-6.87,43.57],[-6.87,43.57]]],[[[-6.87,43.57],[-6.87,43.57]]],[[[-6.14,43.57],[-6.14,43.57]]],[[[-6.08,43.57],[-6.08,43.57]]],[[[-5.86,43.67],[-5.86,43.67]]],[[[-6.02,43.59],[-6.02,43.59]]],[[[-6.1,43.56],[-6.1,43.56]]],[[[-6.44,43.56],[-6.44,43.56]]],[[[-6.03,43.59],[-6.03,43.59]]],[[[-6.13,43.56],[-6.13,43.56]]],[[[-6.02,43.59],[-6.02,43.59]]],[[[-6.4,43.56],[-6.4,43.56]]],[[[-6.08,43.57],[-6.08,43.57]]],[[[-6.08,43.57],[-6.08,43.57]]],[[[-6.42,43.56],[-6.42,43.56]]],[[[-6.44,43.56],[-6.44,43.56]]],[[[-6.44,43.56],[-6.44,43.56]]],[[[-5.9,43.63],[-5.9,43.63]]],[[[-6.11,43.56],[-6.11,43.56]]],[[[-6.39,43.56],[-6.39,43.56]]],[[[-6.42,43.56],[-6.42,43.56]]],[[[-6.38,43.56],[-6.38,43.56]]],[[[-6.44,43.56],[-6.44,43.56]]],[[[-6.44,43.56],[-6.44,43.56]]],[[[-5.01,43.46],[-5.01,43.46]]],[[[-6.37,43.56],[-6.37,43.56]]],[[[-5.86,43.66],[-5.86,43.66]]],[[[-6.87,43.57],[-6.87,43.57]]],[[[-6.44,43.56],[-6.44,43.56]]],[[[-6.1,43.56],[-6.1,43.56]]],[[[-6.13,43.57],[-6.13,43.57]]],[[[-6.11,43.56],[-6.11,43.56]]],[[[-6.12,43.56],[-6.12,43.56]]],[[[-6.14,43.57],[-6.14,43.57]]],[[[-6.1,43.56],[-6.1,43.56]]],[[[-6.12,43.56],[-6.12,43.56]]],[[[-5.86,43.65],[-5.86,43.65]]],[[[-6.13,43.56],[-6.13,43.56]]],[[[-6.44,43.56],[-6.44,43.56]]],[[[-6.44,43.56],[-6.44,43.56]]],[[[-6.36,43.55],[-6.36,43.55]]],[[[-6.11,43.56],[-6.11,43.56]]],[[[-6.44,43.56],[-6.44,43.56]]],[[[-6.11,43.56],[-6.11,43.56]]],[[[-5.86,43.66],[-5.86,43.66]]],[[[-6.43,43.56],[-6.43,43.56]]],[[[-5.86,43.67],[-5.86,43.67]]],[[[-6.08,43.57],[-6.08,43.57]]],[[[-6.43,43.55],[-6.43,43.55]]],[[[-6.13,43.56],[-6.13,43.56]]],[[[-6.44,43.56],[-6.44,43.56]]],[[[-6.13,43.56],[-6.13,43.56]]],[[[-6.44,43.56],[-6.44,43.56]]],[[[-6.42,43.56],[-6.42,43.56]]],[[[-6.44,43.56],[-6.44,43.56]]],[[[-6.11,43.56],[-6.11,43.56]]],[[[-6.44,43.56],[-6.44,43.56]]],[[[-6.03,43.59],[-6.03,43.59]]],[[[-6.14,43.57],[-6.14,43.57]]],[[[-6.36,43.55],[-6.36,43.55]]],[[[-6.44,43.56],[-6.44,43.56]]],[[[-6.13,43.57],[-6.13,43.57]]],[[[-5.97,43.58],[-5.97,43.58]]],[[[-6.44,43.56],[-6.44,43.56]]],[[[-6.11,43.56],[-6.11,43.56]]],[[[-6.44,43.56],[-6.44,43.56]]],[[[-6.11,43.56],[-6.11,43.56]]],[[[-6.44,43.56],[-6.44,43.56]]],[[[-6.12,43.56],[-6.12,43.56]]],[[[-6.11,43.56],[-6.11,43.56]]],[[[-6.44,43.56],[-6.44,43.56]]],[[[-6.44,43.56],[-6.44,43.56]]],[[[-6.44,43.56],[-6.44,43.56]]],[[[-6.44,43.56],[-6.44,43.56]]],[[[-6.13,43.56],[-6.13,43.56]]],[[[-6.13,43.56],[-6.13,43.56]]],[[[-6.44,43.56],[-6.44,43.56]]],[[[-6.11,43.56],[-6.11,43.56]]],[[[-6.44,43.56],[-6.44,43.56]]]]},"properties":{"name":"Asturias"}},{"type":"Feature","geometry":{"type":"MultiPolygon","coordinates":[[[[-0.16,40.79],[-0.06,40.73],[0.02,40.73],[0.11,40.73],[0.23,40.73],[0.27,40.66],[0.4,40.6],[0.52,40.52],[0.42,40.4],[0.28,40.24],[0.19,40.17],[0.15,40.08],[0.05,40.03],[0,39.92],[-0.12,39.82],[-0.19,39.72],[-0.21,39.64],[-0.32,39.52],[-0.34,39.42],[-0.22,39.19],[-0.19,39.04],[-0.11,38.94],[-0.02,38.88],[0.13,38.85],[0.2,38.8],[0.18,38.72],[0.1,38.67],[0.03,38.63],[-0.06,38.58],[-0.15,38.54],[-0.31,38.48],[-0.39,38.43],[-0.4,38.35],[-0.49,38.33],[-0.51,38.2],[-0.61,38.17],[-0.66,37.98],[-0.72,37.91],[-0.83,37.87],[-0.9,37.92],[-1.02,38.08],[-0.99,38.2],[-0.97,38.28],[-1.08,38.35],[-1.01,38.5],[-1.03,38.66],[-0.92,38.7],[-0.96,38.78],[-0.92,38.89],[-1.15,38.93],[-1.23,39.03],[-1.26,39.11],[-1.18,39.21],[-1.16,39.31],[-1.31,39.34],[-1.41,39.38],[-1.52,39.43],[-1.5,39.55],[-1.42,39.66],[-1.31,39.67],[-1.27,39.74],[-1.22,39.81],[-1.2,39.95],[-0.99,39.98],[-0.91,39.87],[-0.8,39.88],[-0.84,39.98],[-0.75,40.05],[-0.63,40.08],[-0.54,40.25],[-0.43,40.24],[-0.39,40.31],[-0.28,40.37],[-0.35,40.44],[-0.27,40.47],[-0.29,40.61],[-0.37,40.61],[-0.33,40.68],[-0.24,40.69],[-0.2,40.78],[-0.16,40.79]],[[-0.72,37.92],[-0.72,37.92]],[[0.09,38.66],[0.09,38.66]],[[-0.72,37.92],[-0.72,37.92]],[[0.23,38.74],[0.23,38.74]],[[0.16,38.69],[0.16,38.69]]],[[[-1.3,40.21],[-1.24,40.15],[-1.15,40.11],[-1.07,40.05],[-1.25,39.99],[-1.38,40.02],[-1.42,40.09],[-1.35,40.13],[-1.3,40.21]]],[[[-0.48,38.17],[-0.48,38.17]],[[-0.48,38.17],[-0.48,38.17]]],[[[0.69,39.9],[0.69,39.9]]],[[[0.23,38.76],[0.23,38.76]]],[[[-0.13,38.5],[-0.13,38.5]]],[[[0.22,38.73],[0.22,38.73]]],[[[0.67,39.88],[0.67,39.88]]],[[[0.67,39.89],[0.67,39.89]]],[[[-0.49,38.17],[-0.49,38.17]]],[[[-0.07,38.54],[-0.07,38.54]]],[[[-0.47,38.16],[-0.47,38.16]]],[[[0.69,39.9],[0.69,39.9]]],[[[-0.02,38.62],[-0.02,38.62]]],[[[-0.46,38.16],[-0.46,38.16]]],[[[0.67,39.85],[0.67,39.85]]],[[[0.69,39.9],[0.69,39.9]]],[[[0.67,39.87],[0.67,39.87]]],[[[0.67,39.89],[0.67,39.89]]],[[[0.67,39.89],[0.67,39.89]]],[[[-0.54,38.19],[-0.54,38.19]]],[[[-0.23,39.16],[-0.23,39.16]]],[[[0.68,39.85],[0.68,39.85]]],[[[-0.48,38.17],[-0.48,38.17]]],[[[0.23,38.74],[0.23,38.74]]],[[[0.22,38.76],[0.22,38.76]]],[[[0.67,39.89],[0.67,39.89]]],[[[0.68,39.85],[0.68,39.85]]],[[[-0.46,38.16],[-0.46,38.16]]],[[[-0.45,38.16],[-0.45,38.16]]],[[[0.23,38.75],[0.23,38.75]]],[[[0.67,39.88],[0.67,39.88]]],[[[0.67,39.85],[0.67,39.85]]],[[[-0.75,37.87],[-0.75,37.87]]],[[[-0.46,38.16],[-0.46,38.16]]],[[[0.67,39.85],[0.67,39.85]]],[[[-0.01,38.62],[-0.01,38.62]]],[[[0.67,39.89],[0.67,39.89]]],[[[-0.46,38.16],[-0.46,38.16]]],[[[0.2,38.8],[0.2,38.8]]],[[[0.69,39.9],[0.69,39.9]]],[[[0.67,39.85],[0.67,39.85]]],[[[0.67,39.85],[0.67,39.85]]],[[[0.67,39.85],[0.67,39.85]]],[[[-0.76,37.85],[-0.76,37.85]]],[[[0.67,39.85],[0.67,39.85]]],[[[-0.76,37.85],[-0.76,37.85]]],[[[-0.76,37.85],[-0.76,37.85]]],[[[-0.76,37.85],[-0.76,37.85]]]]},"properties":{"name":"Valencia"}},{"type":"Feature","geometry":{"type":"MultiPolygon","coordinates":[[[[-2.95,35.27],[-2.95,35.27]]]]},"properties":{"name":"Melilla"}},{"type":"Feature","geometry":{"type":"MultiPolygon","coordinates":[[[[-1.65,43.31],[-1.56,43.28],[-1.44,43.27],[-1.38,43.19],[-1.47,43.09],[-1.35,43.03],[-1.33,43.11],[-1.26,43.04],[-1.15,43.03],[-1.01,42.99],[-0.94,42.95],[-0.81,42.95],[-0.72,42.92],[-0.82,42.9],[-0.86,42.8],[-0.95,42.71],[-1.03,42.7],[-1.15,42.65],[-1.2,42.55],[-1.29,42.51],[-1.34,42.42],[-1.4,42.29],[-1.42,42.21],[-1.4,42.13],[-1.31,42.07],[-1.42,41.91],[-1.56,41.91],[-1.65,41.97],[-1.77,42],[-1.9,42.03],[-1.83,42.15],[-1.74,42.15],[-1.8,42.22],[-1.91,42.3],[-2,42.36],[-2.09,42.35],[-2.17,42.41],[-2.27,42.45],[-2.4,42.47],[-2.4,42.6],[-2.49,42.59],[-2.42,42.66],[-2.29,42.66],[-2.26,42.75],[-2.23,42.84],[-2.21,42.95],[-2.12,42.94],[-2.04,42.98],[-1.95,43.1],[-1.91,43.23],[-1.79,43.25],[-1.65,43.31]]],[[[-1.1,42.49],[-1.1,42.49]]],[[[-1.15,42.44],[-1.19,42.4],[-1.15,42.44]]]]},"properties":{"name":"Navarra"}},{"type":"Feature","geometry":{"type":"MultiPolygon","coordinates":[[[[-7.68,43.79],[-7.61,43.72],[-7.52,43.74],[-7.36,43.67],[-7.29,43.59],[-7.03,43.55],[-7.09,43.46],[-7.17,43.43],[-7.13,43.33],[-7.06,43.24],[-6.97,43.2],[-6.88,43.16],[-6.92,43.07],[-7,43.02],[-6.91,42.99],[-6.84,42.93],[-6.84,42.82],[-6.94,42.74],[-7.04,42.7],[-7.03,42.58],[-7.08,42.51],[-6.98,42.49],[-6.86,42.49],[-6.73,42.36],[-6.77,42.26],[-6.9,42.19],[-6.99,42.12],[-7.01,41.95],[-7.14,41.99],[-7.2,41.88],[-7.32,41.84],[-7.43,41.81],[-7.5,41.87],[-7.61,41.83],[-7.7,41.91],[-7.84,41.88],[-7.92,41.88],[-8.01,41.83],[-8.09,41.81],[-8.17,41.88],[-8.16,41.98],[-8.09,42.02],[-8.18,42.07],[-8.2,42.15],[-8.32,42.1],[-8.52,42.08],[-8.64,42.05],[-8.74,41.97],[-8.87,41.87],[-8.88,42],[-8.9,42.11],[-8.82,42.16],[-8.71,42.24],[-8.61,42.29],[-8.71,42.28],[-8.79,42.25],[-8.86,42.31],[-8.74,42.38],[-8.66,42.42],[-8.74,42.41],[-8.88,42.42],[-8.8,42.5],[-8.79,42.58],[-8.74,42.65],[-8.85,42.69],[-8.86,42.61],[-8.94,42.61],[-9.04,42.52],[-9.04,42.64],[-8.99,42.74],[-8.88,42.82],[-8.96,42.78],[-9.06,42.79],[-9.15,42.87],[-9.23,42.94],[-9.3,43.06],[-9.22,43.11],[-9.17,43.19],[-9.08,43.18],[-9.01,43.23],[-8.93,43.28],[-8.85,43.32],[-8.73,43.3],[-8.61,43.32],[-8.51,43.33],[-8.41,43.37],[-8.31,43.41],[-8.21,43.33],[-8.17,43.42],[-8.28,43.44],[-8.2,43.46],[-8.34,43.46],[-8.3,43.54],[-8.19,43.6],[-8.09,43.67],[-7.95,43.74],[-7.86,43.77],[-7.89,43.69],[-7.81,43.7],[-7.72,43.75],[-7.68,43.79]],[[-8.82,42.56],[-8.82,42.56]],[[-8.35,43.35],[-8.35,43.35]],[[-7.98,43.72],[-7.98,43.72]],[[-8.82,42.56],[-8.82,42.56]],[[-8.11,43.65],[-8.11,43.65]],[[-9.21,43.11],[-9.21,43.11]],[[-8.47,43.36],[-8.47,43.36]],[[-7.98,43.72],[-7.98,43.72]],[[-8.82,42.51],[-8.82,42.51]],[[-8.86,42.4],[-8.86,42.4]],[[-7.14,43.56],[-7.14,43.56]],[[-9.05,42.57],[-9.05,42.57]],[[-9.26,42.99],[-9.26,42.99]],[[-7.87,43.77],[-7.87,43.77]],[[-8.93,42.48],[-8.93,42.48]],[[-8.09,43.66],[-8.09,43.66]],[[-9.09,42.74],[-9.09,42.74]],[[-8.28,43.39],[-8.28,43.39]],[[-9.12,42.84],[-9.12,42.84]],[[-9.27,42.96],[-9.27,42.96]],[[-8.69,42.43],[-8.69,42.43]],[[-8.78,42.21],[-8.78,42.21]],[[-8.96,43.29],[-8.96,43.29]],[[-9.14,43.2],[-9.14,43.2]],[[-8.28,43.56],[-8.28,43.56]],[[-7.99,43.71],[-7.99,43.71]],[[-8.3,43.56],[-8.3,43.56]],[[-9.18,43.17],[-9.18,43.17]],[[-8.09,43.66],[-8.09,43.66]],[[-9.13,43.2],[-9.13,43.2]],[[-7.88,43.77],[-7.88,43.77]],[[-8.89,42.49],[-8.89,42.49]],[[-9.21,43.11],[-9.21,43.11]],[[-8.24,43.57],[-8.24,43.57]],[[-8.91,42.48],[-8.91,42.48]],[[-8.96,42.58],[-8.96,42.58]],[[-7.98,43.72],[-7.98,43.72]],[[-8.87,42.12],[-8.87,42.12]],[[-8.99,43.27],[-8.99,43.27]],[[-8.87,42.12],[-8.87,42.12]],[[-8.87,42.12],[-8.87,42.12]],[[-7.44,43.69],[-7.44,43.69]],[[-9.29,42.94],[-9.29,42.94]],[[-8.98,43.27],[-8.98,43.27]],[[-8.27,43.43],[-8.27,43.43]],[[-8.87,42.12],[-8.87,42.12]],[[-8.91,42.48],[-8.91,42.48]],[[-9.12,42.84],[-9.12,42.84]],[[-9.28,42.96],[-9.28,42.96]],[[-8.24,43.57],[-8.24,43.57]],[[-8.24,43.57],[-8.24,43.57]],[[-8.69,42.43],[-8.69,42.43]],[[-7.99,43.71],[-7.99,43.71]],[[-7.97,43.72],[-7.97,43.72]],[[-8.86,42.12],[-8.86,42.12]],[[-7.69,43.75],[-7.69,43.75]],[[-8.3,43.56],[-8.3,43.56]],[[-8.91,42.48],[-8.91,42.48]],[[-7.18,43.56],[-7.18,43.56]],[[-8.23,43.58],[-8.23,43.58]],[[-8.88,42.11],[-8.88,42.11]],[[-8.99,43.27],[-8.99,43.27]],[[-8.81,42.19],[-8.81,42.19]],[[-7.93,43.74],[-7.93,43.74]],[[-8.89,42.11],[-8.89,42.11]],[[-8.22,43.58],[-8.22,43.58]],[[-7.99,43.71],[-7.99,43.71]],[[-8.07,43.67],[-8.07,43.67]],[[-8.07,43.69],[-8.07,43.69]],[[-7.93,43.74],[-7.93,43.74]],[[-7.94,43.74],[-7.94,43.74]],[[-9.13,43.2],[-9.13,43.2]],[[-7.38,43.68],[-7.38,43.68]],[[-8.81,42.19],[-8.81,42.19]],[[-8.92,42.48],[-8.92,42.48]],[[-8.24,43.57],[-8.24,43.57]],[[-8.89,42.49],[-8.89,42.49]],[[-9.12,42.84],[-9.12,42.84]],[[-8.3,43.56],[-8.3,43.56]],[[-8.92,42.48],[-8.92,42.48]],[[-8.88,42.12],[-8.88,42.12]],[[-9.14,42.88],[-9.14,42.88]],[[-8.9,42.48],[-8.9,42.48]],[[-8.88,42.12],[-8.88,42.12]],[[-8.09,43.66],[-8.09,43.66]],[[-7.98,43.72],[-7.98,43.72]],[[-8.93,42.48],[-8.93,42.48]],[[-8.3,43.56],[-8.3,43.56]],[[-7.94,43.74],[-7.94,43.74]],[[-8.89,42.11],[-8.89,42.11]],[[-8.94,42.58],[-8.94,42.58]],[[-8.93,42.48],[-8.93,42.48]],[[-8.9,42.48],[-8.9,42.48]],[[-7.92,43.75],[-7.92,43.75]],[[-8.83,42.33],[-8.83,42.33]],[[-9.08,42.59],[-9.08,42.59]],[[-9.15,43.19],[-9.15,43.19]],[[-8.91,42.48],[-8.91,42.48]],[[-8.28,43.56],[-8.28,43.56]],[[-7.98,43.72],[-7.98,43.72]],[[-7.91,43.76],[-7.91,43.76]],[[-9.07,42.6],[-9.07,42.6]],[[-8.6,43.32],[-8.6,43.32]],[[-7.88,43.77],[-7.88,43.77]],[[-9.12,42.84],[-9.12,42.84]],[[-9.18,43.19],[-9.18,43.19]],[[-7.16,43.56],[-7.16,43.56]],[[-8.83,42.33],[-8.83,42.33]],[[-8.86,42.12],[-8.86,42.12]],[[-9.26,42.99],[-9.26,42.99]],[[-8.86,42.4],[-8.86,42.4]],[[-8.08,43.65],[-8.08,43.65]],[[-8.91,42.48],[-8.91,42.48]],[[-7.14,43.56],[-7.14,43.56]],[[-9.08,42.59],[-9.08,42.59]],[[-8.82,42.17],[-8.82,42.17]],[[-9.15,43.19],[-9.15,43.19]],[[-8.23,43.58],[-8.23,43.58]],[[-8.94,42.58],[-8.94,42.58]],[[-8.86,42.41],[-8.86,42.41]],[[-8.92,42.48],[-8.92,42.48]],[[-8.79,42.4],[-8.79,42.4]],[[-8.83,42.33],[-8.83,42.33]],[[-7.99,43.71],[-7.99,43.71]],[[-8.93,42.48],[-8.93,42.48]],[[-8.82,42.17],[-8.82,42.17]],[[-9.28,43.03],[-9.28,43.03]],[[-9.28,42.96],[-9.28,42.96]],[[-8.99,43.28],[-8.99,43.28]],[[-8.92,42.48],[-8.92,42.48]],[[-8.93,42.48],[-8.93,42.48]],[[-8.6,43.32],[-8.6,43.32]],[[-8.95,42.58],[-8.95,42.58]],[[-8.82,42.17],[-8.82,42.17]],[[-8.97,43.23],[-8.97,43.23]],[[-8.23,43.58],[-8.23,43.58]],[[-9.12,42.84],[-9.12,42.84]],[[-9.27,42.96],[-9.27,42.96]],[[-8.95,42.58],[-8.95,42.58]],[[-8.91,42.48],[-8.91,42.48]],[[-8.82,42.17],[-8.82,42.17]],[[-8.98,43.27],[-8.98,43.27]],[[-8.92,42.48],[-8.92,42.48]],[[-9.07,42.57],[-9.07,42.57]],[[-8.92,42.48],[-8.92,42.48]],[[-8.83,42.33],[-8.83,42.33]],[[-8.93,42.48],[-8.93,42.48]],[[-8.98,43.28],[-8.98,43.28]],[[-8.88,42.11],[-8.88,42.11]],[[-8.96,43.26],[-8.96,43.26]],[[-8.81,42.19],[-8.81,42.19]],[[-8.92,42.48],[-8.92,42.48]],[[-8.82,42.17],[-8.82,42.17]],[[-8.91,42.48],[-8.91,42.48]],[[-9.26,42.99],[-9.26,42.99]],[[-8.93,42.48],[-8.93,42.48]],[[-8.09,43.66],[-8.09,43.66]],[[-9.26,42.99],[-9.26,42.99]],[[-8.76,42.23],[-8.76,42.23]],[[-9.26,42.99],[-9.26,42.99]],[[-9.28,42.95],[-9.28,42.95]],[[-9.27,42.96],[-9.27,42.96]],[[-9.08,42.58],[-9.08,42.58]],[[-8.78,42.21],[-8.78,42.21]],[[-9.26,42.99],[-9.26,42.99]],[[-8.91,42.48],[-8.91,42.48]],[[-8.86,42.4],[-8.86,42.4]],[[-8.23,43.58],[-8.23,43.58]],[[-9.14,42.88],[-9.14,42.88]],[[-9.28,43.04],[-9.28,43.04]],[[-9.28,42.96],[-9.28,42.96]],[[-8.91,42.48],[-8.91,42.48]],[[-8.88,42.11],[-8.88,42.11]],[[-8.83,42.33],[-8.83,42.33]],[[-8.92,42.48],[-8.92,42.48]],[[-7.12,43.56],[-7.12,43.56]],[[-8.78,42.22],[-8.78,42.22]],[[-9.08,42.59],[-9.08,42.59]],[[-8.97,43.23],[-8.97,43.23]],[[-8.93,42.48],[-8.93,42.48]],[[-9.26,42.98],[-9.26,42.98]],[[-9.18,43.18],[-9.18,43.18]],[[-9.26,42.98],[-9.26,42.98]],[[-8.89,42.11],[-8.89,42.11]],[[-8.08,43.65],[-8.08,43.65]],[[-9.02,42.71],[-9.02,42.71]],[[-9.26,42.98],[-9.26,42.98]],[[-9.26,42.98],[-9.26,42.98]],[[-8.93,42.48],[-8.93,42.48]],[[-9.28,42.96],[-9.28,42.96]],[[-7.82,43.72],[-7.82,43.72]],[[-8.99,43.22],[-8.99,43.22]],[[-8.24,43.57],[-8.24,43.57]],[[-8.88,42.11],[-8.88,42.11]],[[-9.26,42.98],[-9.26,42.98]],[[-8.24,43.57],[-8.24,43.57]],[[-9.26,42.99],[-9.26,42.99]],[[-8.23,43.58],[-8.23,43.58]],[[-9.07,42.57],[-9.07,42.57]],[[-8.23,43.58],[-8.23,43.58]],[[-9.08,42.58],[-9.08,42.58]],[[-9.28,42.96],[-9.28,42.96]],[[-8.1,43.66],[-8.1,43.66]],[[-8.23,43.58],[-8.23,43.58]],[[-9.26,42.98],[-9.26,42.98]],[[-8.23,43.58],[-8.23,43.58]],[[-9.26,42.99],[-9.26,42.99]],[[-8.97,43.23],[-8.97,43.23]],[[-9.26,42.98],[-9.26,42.98]],[[-8.88,42.5],[-8.88,42.5]],[[-8.98,43.26],[-8.98,43.26]],[[-9.07,42.58],[-9.07,42.58]],[[-8.23,43.58],[-8.23,43.58]],[[-8.23,43.58],[-8.23,43.58]],[[-8.83,42.33],[-8.83,42.33]],[[-9.28,42.96],[-9.28,42.96]],[[-9.28,43.02],[-9.28,43.02]],[[-9.27,42.96],[-9.27,42.96]],[[-8.83,42.33],[-8.83,42.33]],[[-8.78,42.4],[-8.78,42.4]],[[-8.96,42.58],[-8.96,42.58]],[[-9.28,43.02],[-9.28,43.02]],[[-9.28,43.02],[-9.28,43.02]],[[-8.24,43.57],[-8.24,43.57]],[[-8.23,43.58],[-8.23,43.58]],[[-8.23,43.58],[-8.23,43.58]],[[-9.07,42.57],[-9.07,42.57]],[[-8.96,42.58],[-8.96,42.58]],[[-9.26,42.99],[-9.26,42.99]],[[-8.23,43.46],[-8.23,43.46]],[[-8.88,42.11],[-8.88,42.11]],[[-8.99,43.28],[-8.99,43.28]],[[-9.26,42.99],[-9.26,42.99]],[[-8.23,43.46],[-8.23,43.46]],[[-8.86,42.4],[-8.86,42.4]],[[-8.23,43.46],[-8.23,43.46]],[[-8.83,42.33],[-8.83,42.33]],[[-8.23,43.46],[-8.23,43.46]],[[-8.23,43.46],[-8.23,43.46]],[[-8.95,42.58],[-8.95,42.58]],[[-9.27,42.96],[-9.27,42.96]],[[-8.23,43.46],[-8.23,43.46]],[[-8.96,42.58],[-8.96,42.58]],[[-9.11,42.82],[-9.11,42.82]],[[-9.28,43.03],[-9.28,43.03]],[[-8.97,43.23],[-8.97,43.23]],[[-8.24,43.57],[-8.24,43.57]]],[[[-8.88,42.58],[-8.88,42.58]],[[-8.87,42.54],[-8.87,42.54]],[[-8.88,42.54],[-8.88,42.54]],[[-8.87,42.54],[-8.87,42.54]],[[-8.87,42.55],[-8.87,42.55]],[[-8.87,42.55],[-8.87,42.55]],[[-8.86,42.54],[-8.86,42.54]]],[[[-8.92,42.4],[-8.92,42.4]],[[-8.93,42.39],[-8.93,42.39]],[[-8.93,42.37],[-8.93,42.37]],[[-8.94,42.37],[-8.94,42.37]],[[-8.93,42.38],[-8.93,42.38]],[[-8.93,42.37],[-8.93,42.37]],[[-8.94,42.37],[-8.94,42.37]],[[-8.93,42.39],[-8.93,42.39]],[[-8.93,42.38],[-8.93,42.38]],[[-8.93,42.38],[-8.93,42.38]]],[[[-8.91,42.25],[-8.91,42.25]],[[-8.91,42.24],[-8.91,42.24]],[[-8.91,42.24],[-8.91,42.24]],[[-8.91,42.24],[-8.91,42.24]],[[-8.91,42.24],[-8.91,42.24]]],[[[-9.01,42.48],[-9.01,42.48]],[[-9,42.47],[-9,42.47]]],[[[-8.91,42.21],[-8.91,42.21]],[[-8.91,42.2],[-8.91,42.2]],[[-8.91,42.2],[-8.91,42.2]],[[-8.91,42.2],[-8.91,42.2]],[[-8.91,42.2],[-8.91,42.2]]],[[[-8.84,42.5],[-8.84,42.5]]],[[[-8.84,43.36],[-8.84,43.36]]],[[[-8.78,42.62],[-8.78,42.62]]],[[[-8.71,42.41],[-8.71,42.41]]],[[[-8.94,42.35],[-8.94,42.35]]],[[[-8.9,42.54],[-8.9,42.54]]],[[[-8.83,43.36],[-8.83,43.36]]],[[[-7.63,43.76],[-7.63,43.76]]],[[[-8.83,42.49],[-8.83,42.49]]],[[[-7.49,43.73],[-7.49,43.73]]],[[[-8.86,42.15],[-8.86,42.15]]],[[[-8.8,42.2],[-8.8,42.2]]],[[[-9.01,42.5],[-9.01,42.5]]],[[[-8.84,43.36],[-8.84,43.36]]],[[[-8.96,42.78],[-8.96,42.78]]],[[[-8.92,42.55],[-8.92,42.55]]],[[[-8.86,42.15],[-8.86,42.15]]],[[[-8.86,42.46],[-8.86,42.46]]],[[[-9.15,42.82],[-9.15,42.82]]],[[[-9.05,42.51],[-9.05,42.51]]],[[[-8.45,43.38],[-8.45,43.38]]],[[[-7.44,43.72],[-7.44,43.72]]],[[[-8.45,43.38],[-8.45,43.38]]],[[[-8.94,42.55],[-8.94,42.55]]],[[[-8.45,43.38],[-8.45,43.38]]],[[[-8.91,42.55],[-8.91,42.55]]],[[[-7.44,43.7],[-7.44,43.7]]],[[[-8.34,43.51],[-8.34,43.51]]],[[[-9.15,43.2],[-9.15,43.2]]],[[[-9,42.49],[-9,42.49]]],[[[-9.17,42.87],[-9.17,42.87]]],[[[-8.84,42.55],[-8.84,42.55]]],[[[-9.15,42.81],[-9.15,42.81]]],[[[-8.91,42.53],[-8.91,42.53]]],[[[-8.85,42.46],[-8.85,42.46]]],[[[-8.84,42.48],[-8.84,42.48]]],[[[-8.63,42.31],[-8.63,42.31]]],[[[-8.82,42.5],[-8.82,42.5]]],[[[-8.94,43.23],[-8.94,43.23]]],[[[-8.82,42.5],[-8.82,42.5]]],[[[-7.05,43.56],[-7.05,43.56]]],[[[-7.44,43.72],[-7.44,43.72]]],[[[-9.05,42.51],[-9.05,42.51]]],[[[-8.88,43.32],[-8.88,43.32]]],[[[-8.8,42.61],[-8.8,42.61]]],[[[-9.21,43.16],[-9.21,43.16]]],[[[-9.01,42.52],[-9.01,42.52]]],[[[-9.11,43.2],[-9.11,43.2]]],[[[-9.19,43.17],[-9.19,43.17]]],[[[-7.87,43.78],[-7.87,43.78]]],[[[-8.95,42.37],[-8.95,42.37]]],[[[-7.04,43.56],[-7.04,43.56]]],[[[-9.18,42.88],[-9.18,42.88]]],[[[-8.73,42.67],[-8.73,42.67]]],[[[-8.91,42.54],[-8.91,42.54]]],[[[-8.33,43.53],[-8.33,43.53]]],[[[-8.94,42.46],[-8.94,42.46]]],[[[-8.94,42.48],[-8.94,42.48]]],[[[-8.26,43.42],[-8.26,43.42]]],[[[-8.83,42.54],[-8.83,42.54]]],[[[-9,42.49],[-9,42.49]]],[[[-8.89,42.04],[-8.89,42.04]]],[[[-8.91,42.54],[-8.91,42.54]]],[[[-8.75,42.35],[-8.75,42.35]]],[[[-7.87,43.78],[-7.87,43.78]]],[[[-8.79,42.61],[-8.79,42.61]]],[[[-9.23,43.1],[-9.23,43.1]]],[[[-9.14,42.81],[-9.14,42.81]]],[[[-8.88,42.6],[-8.88,42.6]]],[[[-9.14,42.85],[-9.14,42.85]]],[[[-9.14,42.81],[-9.14,42.81]]],[[[-8.88,42.15],[-8.88,42.15]]],[[[-7.86,43.77],[-7.86,43.77]]],[[[-9.04,42.66],[-9.04,42.66]]],[[[-8.85,42.46],[-8.85,42.46]]],[[[-9.17,42.8],[-9.17,42.8]]],[[[-8.83,42.54],[-8.83,42.54]]],[[[-8.92,42.22],[-8.92,42.22]]],[[[-8.87,42.56],[-8.87,42.56]]],[[[-8.9,42.11],[-8.9,42.11]]],[[[-8.85,42.47],[-8.85,42.47]]],[[[-8.9,42.22],[-8.9,42.22]]],[[[-8.05,43.71],[-8.05,43.71]]],[[[-8.22,43.39],[-8.22,43.39]]],[[[-8.83,42.53],[-8.83,42.53]]],[[[-7.87,43.78],[-7.87,43.78]]],[[[-8.34,43.38],[-8.34,43.38]]],[[[-8.89,42.5],[-8.89,42.5]]],[[[-7.6,43.71],[-7.6,43.71]]],[[[-9.1,43.19],[-9.1,43.19]]],[[[-8.19,43.61],[-8.19,43.61]]],[[[-8.45,43.38],[-8.45,43.38]]],[[[-8.21,43.6],[-8.21,43.6]]],[[[-7.52,43.73],[-7.52,43.73]]],[[[-8.63,42.31],[-8.63,42.31]]],[[[-9.03,43.22],[-9.03,43.22]]],[[[-7.58,43.7],[-7.58,43.7]]],[[[-9.17,42.8],[-9.17,42.8]]],[[[-8.83,42.53],[-8.83,42.53]]],[[[-8.74,42.66],[-8.74,42.66]]],[[[-8.97,42.57],[-8.97,42.57]]],[[[-8.88,42.43],[-8.88,42.43]]],[[[-8.84,42.63],[-8.84,42.63]]],[[[-9.04,42.52],[-9.04,42.52]]],[[[-8.98,42.78],[-8.98,42.78]]],[[[-8.34,43.41],[-8.34,43.41]]],[[[-9.19,42.88],[-9.19,42.88]]],[[[-9.01,42.52],[-9.01,42.52]]],[[[-7.49,43.73],[-7.49,43.73]]],[[[-8.83,42.12],[-8.83,42.12]]],[[[-9.15,42.82],[-9.15,42.82]]],[[[-8.87,42.56],[-8.87,42.56]]],[[[-8.9,42.12],[-8.9,42.12]]],[[[-8.93,42.58],[-8.93,42.58]]],[[[-9.14,42.8],[-9.14,42.8]]],[[[-8.84,42.49],[-8.84,42.49]]],[[[-8.9,42.09],[-8.9,42.09]]],[[[-8.2,43.61],[-8.2,43.61]]],[[[-8.88,42.53],[-8.88,42.53]]],[[[-9.04,43.21],[-9.04,43.21]]],[[[-8.94,42.34],[-8.94,42.34]]],[[[-8.83,42.47],[-8.83,42.47]]],[[[-8.91,43.31],[-8.91,43.31]]],[[[-9.1,43.19],[-9.1,43.19]]],[[[-8.92,42.4],[-8.92,42.4]]],[[[-8.78,42.22],[-8.78,42.22]]],[[[-9.17,42.87],[-9.17,42.87]]],[[[-9.12,43.2],[-9.12,43.2]]],[[[-8.99,42.78],[-8.99,42.78]]],[[[-8.62,42.34],[-8.62,42.34]]],[[[-8.83,42.32],[-8.83,42.32]]],[[[-8.95,42.38],[-8.95,42.38]]],[[[-8.87,41.87],[-8.87,41.87]]],[[[-9.04,43.21],[-9.04,43.21]]],[[[-9.19,42.88],[-9.19,42.88]]],[[[-8.9,42.12],[-8.9,42.12]]],[[[-8.82,42.5],[-8.82,42.5]]],[[[-7.75,43.75],[-7.75,43.75]]],[[[-8.76,43.3],[-8.76,43.3]]],[[[-8.09,43.67],[-8.09,43.67]]],[[[-8.75,42.35],[-8.75,42.35]]],[[[-7.6,43.7],[-7.6,43.7]]],[[[-8.08,43.67],[-8.08,43.67]]],[[[-8.83,42.25],[-8.83,42.25]]],[[[-7.75,43.74],[-7.75,43.74]]],[[[-8.62,42.34],[-8.62,42.34]]],[[[-8.55,43.32],[-8.55,43.32]]],[[[-9.17,42.8],[-9.17,42.8]]],[[[-8.89,42.49],[-8.89,42.49]]],[[[-9.01,42.51],[-9.01,42.51]]],[[[-8.89,42.54],[-8.89,42.54]]],[[[-9.14,42.81],[-9.14,42.81]]],[[[-9.05,42.51],[-9.05,42.51]]],[[[-9.3,42.92],[-9.3,42.92]]],[[[-9.13,42.81],[-9.13,42.81]]],[[[-8.87,42.52],[-8.87,42.52]]],[[[-9.06,42.62],[-9.06,42.62]]],[[[-8.91,42.18],[-8.91,42.18]]],[[[-8.87,42.15],[-8.87,42.15]]],[[[-8.85,42.63],[-8.85,42.63]]],[[[-8.83,42.55],[-8.83,42.55]]],[[[-8.88,43.32],[-8.88,43.32]]],[[[-8.89,42.06],[-8.89,42.06]]],[[[-9.17,42.86],[-9.17,42.86]]],[[[-9.14,42.79],[-9.14,42.79]]],[[[-8.99,42.78],[-8.99,42.78]]],[[[-8.22,43.38],[-8.22,43.38]]],[[[-9.08,42.73],[-9.08,42.73]]],[[[-9.19,42.88],[-9.19,42.88]]],[[[-9.15,42.8],[-9.15,42.8]]],[[[-8.89,42.03],[-8.89,42.03]]],[[[-8.9,42.12],[-8.9,42.12]]],[[[-8.87,42.15],[-8.87,42.15]]],[[[-8.9,42.46],[-8.9,42.46]]],[[[-9.01,42.49],[-9.01,42.49]]],[[[-8.99,42.49],[-8.99,42.49]]],[[[-8.91,42.46],[-8.91,42.46]]],[[[-8.76,43.3],[-8.76,43.3]]],[[[-8.61,42.35],[-8.61,42.35]]],[[[-9.13,42.77],[-9.13,42.77]]],[[[-9.29,42.89],[-9.29,42.89]]],[[[-7.75,43.75],[-7.75,43.75]]],[[[-8.84,42.55],[-8.84,42.55]]],[[[-8.9,42.12],[-8.9,42.12]]],[[[-8.19,43.61],[-8.19,43.61]]],[[[-8.44,43.38],[-8.44,43.38]]],[[[-8.84,42.55],[-8.84,42.55]]],[[[-8.88,41.88],[-8.88,41.88]]],[[[-9.15,42.82],[-9.15,42.82]]],[[[-8.85,42.47],[-8.85,42.47]]],[[[-9.17,42.86],[-9.17,42.86]]],[[[-9.04,43.21],[-9.04,43.21]]],[[[-7.77,43.74],[-7.77,43.74]]],[[[-9.14,42.81],[-9.14,42.81]]],[[[-8.9,42.12],[-8.9,42.12]]],[[[-8.84,43.36],[-8.84,43.36]]],[[[-8.87,42.52],[-8.87,42.52]]],[[[-9.14,42.85],[-9.14,42.85]]],[[[-8.85,42.48],[-8.85,42.48]]],[[[-9.13,42.85],[-9.13,42.85]]],[[[-9.14,43.2],[-9.14,43.2]]],[[[-9.2,43.16],[-9.2,43.16]]],[[[-7.61,43.68],[-7.61,43.68]]],[[[-7.8,43.75],[-7.8,43.75]]],[[[-8.65,42.32],[-8.65,42.32]]],[[[-8.31,43.55],[-8.31,43.55]]],[[[-8.41,43.39],[-8.41,43.39]]],[[[-8.91,42.54],[-8.91,42.54]]],[[[-9.06,42.62],[-9.06,42.62]]],[[[-8.78,42.22],[-8.78,42.22]]],[[[-8.25,43.37],[-8.25,43.37]]],[[[-8.2,43.6],[-8.2,43.6]]],[[[-8.79,42.61],[-8.79,42.61]]],[[[-8.15,43.62],[-8.15,43.62]]],[[[-9.15,42.87],[-9.15,42.87]]],[[[-8.87,42.6],[-8.87,42.6]]],[[[-8.89,42.04],[-8.89,42.04]]],[[[-9.15,42.8],[-9.15,42.8]]],[[[-8.05,43.71],[-8.05,43.71]]],[[[-8.77,42.23],[-8.77,42.23]]],[[[-8.35,43.36],[-8.35,43.36]]],[[[-8.93,42.45],[-8.93,42.45]]],[[[-8.88,42.44],[-8.88,42.44]]],[[[-8.91,43.3],[-8.91,43.3]]],[[[-8.15,43.62],[-8.15,43.62]]],[[[-9.01,42.49],[-9.01,42.49]]],[[[-9.18,42.88],[-9.18,42.88]]],[[[-8.52,43.33],[-8.52,43.33]]],[[[-9.19,42.88],[-9.19,42.88]]],[[[-8.41,43.39],[-8.41,43.39]]],[[[-8.84,43.35],[-8.84,43.35]]],[[[-8.89,42.49],[-8.89,42.49]]],[[[-9.14,42.79],[-9.14,42.79]]],[[[-8.78,43.3],[-8.78,43.3]]],[[[-9.18,42.88],[-9.18,42.88]]],[[[-7.75,43.75],[-7.75,43.75]]],[[[-9,42.5],[-9,42.5]]],[[[-9.18,43.18],[-9.18,43.18]]],[[[-8.96,42.78],[-8.96,42.78]]],[[[-9.16,42.89],[-9.16,42.89]]],[[[-9,42.53],[-9,42.53]]],[[[-9.04,42.54],[-9.04,42.54]]],[[[-9.15,42.87],[-9.15,42.87]]],[[[-7.87,43.77],[-7.87,43.77]]],[[[-9.15,42.79],[-9.15,42.79]]],[[[-8.92,42.59],[-8.92,42.59]]],[[[-9.18,42.88],[-9.18,42.88]]],[[[-8.9,42.12],[-8.9,42.12]]],[[[-9.04,42.52],[-9.04,42.52]]],[[[-9.18,42.88],[-9.18,42.88]]],[[[-7.44,43.72],[-7.44,43.72]]],[[[-9.15,42.86],[-9.15,42.86]]],[[[-9.04,42.52],[-9.04,42.52]]],[[[-9.15,42.88],[-9.15,42.88]]],[[[-9.01,42.5],[-9.01,42.5]]],[[[-8.87,42.61],[-8.87,42.61]]],[[[-8.8,42.61],[-8.8,42.61]]],[[[-8.88,42.5],[-8.88,42.5]]],[[[-8.9,42.1],[-8.9,42.1]]],[[[-8.81,42.58],[-8.81,42.58]]],[[[-9.14,42.85],[-9.14,42.85]]],[[[-9.19,42.88],[-9.19,42.88]]],[[[-8.88,41.88],[-8.88,41.88]]],[[[-8.91,42.2],[-8.91,42.2]]],[[[-8.84,43.36],[-8.84,43.36]]],[[[-8.92,42.45],[-8.92,42.45]]],[[[-9.01,42.49],[-9.01,42.49]]],[[[-9,42.49],[-9,42.49]]],[[[-8.88,41.88],[-8.88,41.88]]],[[[-9.14,43.2],[-9.14,43.2]]],[[[-8.63,42.3],[-8.63,42.3]]],[[[-8.86,42.25],[-8.86,42.25]]],[[[-8.93,42.48],[-8.93,42.48]]],[[[-8.07,43.7],[-8.07,43.7]]],[[[-8.41,43.39],[-8.41,43.39]]],[[[-8.52,43.33],[-8.52,43.33]]],[[[-8.05,43.72],[-8.05,43.72]]],[[[-8.2,43.61],[-8.2,43.61]]],[[[-8.84,42.26],[-8.84,42.26]]],[[[-8.13,43.64],[-8.13,43.64]]],[[[-9.29,43.06],[-9.29,43.06]]],[[[-9.05,42.51],[-9.05,42.51]]],[[[-8.04,43.71],[-8.04,43.71]]],[[[-8.84,43.36],[-8.84,43.36]]],[[[-8.02,43.71],[-8.02,43.71]]],[[[-8.76,42.26],[-8.76,42.26]]],[[[-8.56,43.32],[-8.56,43.32]]],[[[-8.92,43.29],[-8.92,43.29]]],[[[-8.81,42.26],[-8.81,42.26]]],[[[-8.9,42.1],[-8.9,42.1]]],[[[-8.96,42.57],[-8.96,42.57]]],[[[-8.98,43.27],[-8.98,43.27]]],[[[-8.02,43.71],[-8.02,43.71]]],[[[-9.14,42.88],[-9.14,42.88]]],[[[-8.74,42.38],[-8.74,42.38]]],[[[-8.82,42.5],[-8.82,42.5]]],[[[-9.27,43.05],[-9.27,43.05]]],[[[-8.89,42.03],[-8.89,42.03]]],[[[-8.93,42.45],[-8.93,42.45]]],[[[-8.84,42.47],[-8.84,42.47]]],[[[-9.14,42.79],[-9.14,42.79]]],[[[-9.26,43.09],[-9.26,43.09]]],[[[-9.22,43.15],[-9.22,43.15]]],[[[-8.94,42.36],[-8.94,42.36]]],[[[-8.88,42.42],[-8.88,42.42]]],[[[-7.55,43.73],[-7.55,43.73]]],[[[-8.91,43.31],[-8.91,43.31]]],[[[-9.08,42.6],[-9.08,42.6]]],[[[-9.01,42.5],[-9.01,42.5]]],[[[-9.04,42.51],[-9.04,42.51]]],[[[-9.14,43.2],[-9.14,43.2]]],[[[-9.18,43.18],[-9.18,43.18]]],[[[-9.3,42.93],[-9.3,42.93]]],[[[-8.88,41.88],[-8.88,41.88]]],[[[-8.3,43.54],[-8.3,43.54]]],[[[-7.8,43.73],[-7.8,43.73]]],[[[-8.89,42.06],[-8.89,42.06]]],[[[-9.05,42.52],[-9.05,42.52]]],[[[-8.93,42.45],[-8.93,42.45]]],[[[-7.86,43.77],[-7.86,43.77]]],[[[-7.06,43.56],[-7.06,43.56]]],[[[-7.12,43.56],[-7.12,43.56]]],[[[-9.19,43.18],[-9.19,43.18]]],[[[-8.89,42.57],[-8.89,42.57]]],[[[-8.88,42.55],[-8.88,42.55]]],[[[-8.82,42.19],[-8.82,42.19]]],[[[-9.05,42.51],[-9.05,42.51]]],[[[-8.3,43.54],[-8.3,43.54]]],[[[-8.85,43.34],[-8.85,43.34]]],[[[-8.84,43.36],[-8.84,43.36]]],[[[-8.01,43.71],[-8.01,43.71]]],[[[-8.83,42.47],[-8.83,42.47]]],[[[-9.17,42.8],[-9.17,42.8]]],[[[-8.94,42.46],[-8.94,42.46]]],[[[-8.01,43.71],[-8.01,43.71]]],[[[-9.01,42.5],[-9.01,42.5]]],[[[-8.6,43.32],[-8.6,43.32]]],[[[-8.82,42.49],[-8.82,42.49]]],[[[-9.15,42.79],[-9.15,42.79]]],[[[-8.96,42.57],[-8.96,42.57]]],[[[-8.89,42.49],[-8.89,42.49]]],[[[-8.85,43.36],[-8.85,43.36]]],[[[-7.85,43.73],[-7.85,43.73]]],[[[-9.19,43.16],[-9.19,43.16]]],[[[-8.59,43.32],[-8.59,43.32]]],[[[-9.02,42.49],[-9.02,42.49]]],[[[-8.18,43.62],[-8.18,43.62]]],[[[-7.69,43.79],[-7.69,43.79]]],[[[-9.07,42.57],[-9.07,42.57]]],[[[-8.92,42.25],[-8.92,42.25]]],[[[-8.94,42.34],[-8.94,42.34]]],[[[-9.13,42.84],[-9.13,42.84]]],[[[-8.97,43.23],[-8.97,43.23]]],[[[-8.33,43.41],[-8.33,43.41]]],[[[-8.31,43.57],[-8.31,43.57]]],[[[-8.83,42.58],[-8.83,42.58]]],[[[-8.84,43.35],[-8.84,43.35]]],[[[-9.01,42.49],[-9.01,42.49]]],[[[-8.93,42.45],[-8.93,42.45]]],[[[-8.9,42.54],[-8.9,42.54]]],[[[-8.87,42.44],[-8.87,42.44]]],[[[-8.18,43.62],[-8.18,43.62]]],[[[-8.87,42.56],[-8.87,42.56]]],[[[-8.78,42.22],[-8.78,42.22]]],[[[-8.87,42.15],[-8.87,42.15]]],[[[-8.83,42.29],[-8.83,42.29]]],[[[-8.9,42.11],[-8.9,42.11]]],[[[-9.17,42.86],[-9.17,42.86]]],[[[-9.16,42.91],[-9.16,42.91]]],[[[-8.84,43.36],[-8.84,43.36]]],[[[-8.01,43.71],[-8.01,43.71]]],[[[-9.15,42.87],[-9.15,42.87]]],[[[-8.83,42.39],[-8.83,42.39]]],[[[-8.9,42.11],[-8.9,42.11]]],[[[-8.94,42.36],[-8.94,42.36]]],[[[-8.28,43.56],[-8.28,43.56]]],[[[-8.89,41.97],[-8.89,41.97]]],[[[-9.14,42.86],[-9.14,42.86]]],[[[-9.12,43.2],[-9.12,43.2]]],[[[-7.77,43.74],[-7.77,43.74]]],[[[-8.89,42.04],[-8.89,42.04]]],[[[-8.88,42.56],[-8.88,42.56]]],[[[-7.51,43.73],[-7.51,43.73]]],[[[-8.86,42.31],[-8.86,42.31]]],[[[-9.11,43.2],[-9.11,43.2]]],[[[-9.15,42.74],[-9.15,42.74]]],[[[-8.89,42.05],[-8.89,42.05]]],[[[-9.14,42.82],[-9.14,42.82]]],[[[-9.09,42.58],[-9.09,42.58]]],[[[-8.31,43.57],[-8.31,43.57]]],[[[-9.13,42.77],[-9.13,42.77]]],[[[-9.15,43.19],[-9.15,43.19]]],[[[-9.01,42.5],[-9.01,42.5]]],[[[-8.21,43.59],[-8.21,43.59]]],[[[-8.88,42.01],[-8.88,42.01]]],[[[-9.04,42.51],[-9.04,42.51]]],[[[-8.98,43.27],[-8.98,43.27]]],[[[-8.89,42.54],[-8.89,42.54]]],[[[-8.99,42.49],[-8.99,42.49]]],[[[-8.95,42.38],[-8.95,42.38]]],[[[-9.02,42.49],[-9.02,42.49]]],[[[-9.15,42.74],[-9.15,42.74]]],[[[-9.02,43.22],[-9.02,43.22]]],[[[-8.77,42.34],[-8.77,42.34]]],[[[-8.82,42.46],[-8.82,42.46]]],[[[-8.75,42.65],[-8.75,42.65]]],[[[-8.01,43.71],[-8.01,43.71]]],[[[-9.14,42.79],[-9.14,42.79]]],[[[-8.83,42.32],[-8.83,42.32]]],[[[-8.07,43.7],[-8.07,43.7]]],[[[-8.92,42.45],[-8.92,42.45]]],[[[-8.98,43.27],[-8.98,43.27]]],[[[-9,42.74],[-9,42.74]]],[[[-8.71,42.28],[-8.71,42.28]]],[[[-9.19,42.88],[-9.19,42.88]]],[[[-8.33,43.4],[-8.33,43.4]]],[[[-7.77,43.74],[-7.77,43.74]]],[[[-9.01,42.49],[-9.01,42.49]]],[[[-8.89,42.49],[-8.89,42.49]]],[[[-8.33,43.51],[-8.33,43.51]]],[[[-9.15,42.86],[-9.15,42.86]]],[[[-8.94,42.47],[-8.94,42.47]]],[[[-8.83,43.36],[-8.83,43.36]]],[[[-9.14,42.86],[-9.14,42.86]]],[[[-7.75,43.75],[-7.75,43.75]]],[[[-8.81,42.5],[-8.81,42.5]]],[[[-8.34,43.51],[-8.34,43.51]]],[[[-8.8,42.34],[-8.8,42.34]]],[[[-9.08,42.73],[-9.08,42.73]]],[[[-7.87,43.78],[-7.87,43.78]]],[[[-8.94,42.47],[-8.94,42.47]]],[[[-8.8,43.31],[-8.8,43.31]]],[[[-8.87,42.52],[-8.87,42.52]]],[[[-8.9,42.1],[-8.9,42.1]]],[[[-9.26,43.09],[-9.26,43.09]]],[[[-8.76,42.26],[-8.76,42.26]]],[[[-8.07,43.7],[-8.07,43.7]]],[[[-8.76,42.26],[-8.76,42.26]]],[[[-9.15,42.8],[-9.15,42.8]]],[[[-8.89,42.55],[-8.89,42.55]]],[[[-8.76,42.23],[-8.76,42.23]]],[[[-9.19,43.17],[-9.19,43.17]]],[[[-8.55,43.31],[-8.55,43.31]]],[[[-8.88,42.01],[-8.88,42.01]]],[[[-9.15,42.87],[-9.15,42.87]]],[[[-9.18,42.88],[-9.18,42.88]]],[[[-8.94,42.48],[-8.94,42.48]]],[[[-8.98,42.54],[-8.98,42.54]]],[[[-8.21,43.59],[-8.21,43.59]]],[[[-8.82,42.28],[-8.82,42.28]]],[[[-9.04,42.53],[-9.04,42.53]]],[[[-8.05,43.71],[-8.05,43.71]]],[[[-8.03,43.72],[-8.03,43.72]]],[[[-9.02,43.22],[-9.02,43.22]]],[[[-8.57,43.32],[-8.57,43.32]]],[[[-9.13,42.78],[-9.13,42.78]]],[[[-8.41,43.39],[-8.41,43.39]]],[[[-8.73,42.68],[-8.73,42.68]]],[[[-7.87,43.77],[-7.87,43.77]]],[[[-8.21,43.6],[-8.21,43.6]]],[[[-9.06,42.62],[-9.06,42.62]]],[[[-7.74,43.75],[-7.74,43.75]]],[[[-9.11,43.19],[-9.11,43.19]]],[[[-8.09,43.67],[-8.09,43.67]]],[[[-8.91,42.2],[-8.91,42.2]]],[[[-9.08,42.6],[-9.08,42.6]]],[[[-8.91,42.54],[-8.91,42.54]]],[[[-8.89,42.57],[-8.89,42.57]]],[[[-8.92,42.25],[-8.92,42.25]]],[[[-8.9,42.12],[-8.9,42.12]]],[[[-8.82,42.3],[-8.82,42.3]]],[[[-8.9,42.12],[-8.9,42.12]]],[[[-8.12,43.64],[-8.12,43.64]]],[[[-8.99,42.56],[-8.99,42.56]]],[[[-8.61,43.32],[-8.61,43.32]]],[[[-9.19,43.18],[-9.19,43.18]]],[[[-8.82,42.52],[-8.82,42.52]]],[[[-8.02,43.71],[-8.02,43.71]]],[[[-8.21,43.6],[-8.21,43.6]]],[[[-9.09,42.74],[-9.09,42.74]]],[[[-8.01,43.71],[-8.01,43.71]]],[[[-9.04,42.53],[-9.04,42.53]]],[[[-9.15,42.81],[-9.15,42.81]]],[[[-8.2,43.6],[-8.2,43.6]]],[[[-9.14,42.82],[-9.14,42.82]]],[[[-8.85,42.5],[-8.85,42.5]]],[[[-9.15,42.74],[-9.15,42.74]]],[[[-8.91,42.2],[-8.91,42.2]]],[[[-8.87,42.15],[-8.87,42.15]]],[[[-9,42.49],[-9,42.49]]],[[[-7.06,43.56],[-7.06,43.56]]],[[[-8.94,42.47],[-8.94,42.47]]],[[[-9.05,42.52],[-9.05,42.52]]],[[[-8.9,42.1],[-8.9,42.1]]],[[[-9.15,42.87],[-9.15,42.87]]],[[[-7.79,43.74],[-7.79,43.74]]],[[[-8.81,42.5],[-8.81,42.5]]],[[[-9.15,42.79],[-9.15,42.79]]],[[[-9.02,42.46],[-9.02,42.46]]],[[[-8.99,42.53],[-8.99,42.53]]],[[[-8.92,42.45],[-8.92,42.45]]],[[[-7.87,43.78],[-7.87,43.78]]],[[[-8.34,43.51],[-8.34,43.51]]],[[[-8.92,42.4],[-8.92,42.4]]],[[[-9,42.49],[-9,42.49]]],[[[-9.02,42.47],[-9.02,42.47]]],[[[-8.03,43.71],[-8.03,43.71]]],[[[-8.91,42.18],[-8.91,42.18]]],[[[-8.34,43.41],[-8.34,43.41]]],[[[-8.94,42.46],[-8.94,42.46]]],[[[-9.15,42.74],[-9.15,42.74]]],[[[-9.09,43.19],[-9.09,43.19]]],[[[-8.91,42.21],[-8.91,42.21]]],[[[-8.96,42.57],[-8.96,42.57]]],[[[-8.14,43.63],[-8.14,43.63]]],[[[-8.86,42.57],[-8.86,42.57]]],[[[-9.15,42.8],[-9.15,42.8]]],[[[-8.34,43.4],[-8.34,43.4]]],[[[-9.02,42.47],[-9.02,42.47]]],[[[-9.05,42.52],[-9.05,42.52]]],[[[-9.05,42.52],[-9.05,42.52]]],[[[-8.14,43.64],[-8.14,43.64]]],[[[-9.14,42.79],[-9.14,42.79]]],[[[-9.2,43.16],[-9.2,43.16]]],[[[-8.9,42.11],[-8.9,42.11]]],[[[-8.86,42.31],[-8.86,42.31]]],[[[-9.01,42.51],[-9.01,42.51]]],[[[-8.02,43.71],[-8.02,43.71]]],[[[-7.8,43.73],[-7.8,43.73]]],[[[-8.88,42.56],[-8.88,42.56]]],[[[-8.34,43.4],[-8.34,43.4]]],[[[-8.83,42.34],[-8.83,42.34]]],[[[-8.9,42.1],[-8.9,42.1]]],[[[-8.87,42.5],[-8.87,42.5]]],[[[-8.84,43.35],[-8.84,43.35]]],[[[-8.86,42.31],[-8.86,42.31]]],[[[-9.01,42.5],[-9.01,42.5]]],[[[-8.95,43.26],[-8.95,43.26]]],[[[-9.02,43.22],[-9.02,43.22]]],[[[-9.14,42.86],[-9.14,42.86]]],[[[-8.21,43.6],[-8.21,43.6]]],[[[-9.04,42.53],[-9.04,42.53]]],[[[-9.08,42.73],[-9.08,42.73]]],[[[-8.91,42.19],[-8.91,42.19]]],[[[-9.01,42.49],[-9.01,42.49]]],[[[-9.17,42.8],[-9.17,42.8]]],[[[-8.95,42.38],[-8.95,42.38]]],[[[-8.06,43.7],[-8.06,43.7]]],[[[-8.77,42.23],[-8.77,42.23]]],[[[-9.04,42.53],[-9.04,42.53]]],[[[-8.94,42.48],[-8.94,42.48]]],[[[-9.01,43.24],[-9.01,43.24]]],[[[-8.01,43.71],[-8.01,43.71]]],[[[-9,42.47],[-9,42.47]]],[[[-9.13,42.85],[-9.13,42.85]]],[[[-9.07,42.57],[-9.07,42.57]]],[[[-9.14,42.82],[-9.14,42.82]]],[[[-9.02,42.49],[-9.02,42.49]]],[[[-8.9,42.12],[-8.9,42.12]]],[[[-9.15,42.86],[-9.15,42.86]]],[[[-8.93,42.45],[-8.93,42.45]]],[[[-8.94,42.46],[-8.94,42.46]]],[[[-9.15,42.87],[-9.15,42.87]]],[[[-8.59,43.32],[-8.59,43.32]]],[[[-9.02,42.49],[-9.02,42.49]]],[[[-9.05,42.51],[-9.05,42.51]]],[[[-8.33,43.51],[-8.33,43.51]]],[[[-8.9,42.11],[-8.9,42.11]]],[[[-9.05,42.51],[-9.05,42.51]]],[[[-9.14,42.79],[-9.14,42.79]]],[[[-9.01,42.49],[-9.01,42.49]]],[[[-9.02,43.22],[-9.02,43.22]]],[[[-8.95,42.38],[-8.95,42.38]]],[[[-8.9,42.46],[-8.9,42.46]]],[[[-9.19,43.19],[-9.19,43.19]]],[[[-8.76,42.26],[-8.76,42.26]]],[[[-8.92,42.6],[-8.92,42.6]]],[[[-9.17,42.86],[-9.17,42.86]]],[[[-8.9,42.12],[-8.9,42.12]]],[[[-8.81,42.19],[-8.81,42.19]]],[[[-9.09,42.57],[-9.09,42.57]]],[[[-8.19,43.62],[-8.19,43.62]]],[[[-8.94,42.45],[-8.94,42.45]]],[[[-8.77,42.22],[-8.77,42.22]]],[[[-8.88,41.88],[-8.88,41.88]]],[[[-8.58,43.32],[-8.58,43.32]]],[[[-8.82,42.3],[-8.82,42.3]]],[[[-9.16,42.91],[-9.16,42.91]]],[[[-9.05,42.51],[-9.05,42.51]]],[[[-9.05,42.51],[-9.05,42.51]]],[[[-9.18,42.88],[-9.18,42.88]]],[[[-8.05,43.72],[-8.05,43.72]]],[[[-9.06,42.61],[-9.06,42.61]]],[[[-9.12,43.2],[-9.12,43.2]]],[[[-7.9,43.77],[-7.9,43.77]]],[[[-8.8,42.34],[-8.8,42.34]]],[[[-8.85,43.36],[-8.85,43.36]]],[[[-9.12,42.84],[-9.12,42.84]]],[[[-8.14,43.63],[-8.14,43.63]]],[[[-8.31,43.55],[-8.31,43.55]]],[[[-8.89,42.5],[-8.89,42.5]]],[[[-9.09,42.74],[-9.09,42.74]]],[[[-8.82,42.19],[-8.82,42.19]]],[[[-8.94,42.48],[-8.94,42.48]]],[[[-8.86,42.31],[-8.86,42.31]]],[[[-8.88,42],[-8.88,42]]],[[[-9.01,42.46],[-9.01,42.46]]],[[[-9.05,42.51],[-9.05,42.51]]],[[[-9,42.78],[-9,42.78]]],[[[-8.88,42],[-8.88,42]]],[[[-8.91,42.18],[-8.91,42.18]]],[[[-9.12,42.84],[-9.12,42.84]]],[[[-9.18,43.19],[-9.18,43.19]]],[[[-9.19,43.16],[-9.19,43.16]]],[[[-9.19,43.17],[-9.19,43.17]]],[[[-9.14,42.8],[-9.14,42.8]]],[[[-8.84,42.5],[-8.84,42.5]]],[[[-8.75,42.35],[-8.75,42.35]]],[[[-9,42.49],[-9,42.49]]],[[[-9.15,42.81],[-9.15,42.81]]],[[[-8.44,43.38],[-8.44,43.38]]],[[[-7.55,43.74],[-7.55,43.74]]],[[[-8.84,42.16],[-8.84,42.16]]],[[[-9.08,42.6],[-9.08,42.6]]],[[[-8.34,43.4],[-8.34,43.4]]],[[[-9.13,43.2],[-9.13,43.2]]],[[[-9.06,42.61],[-9.06,42.61]]],[[[-9.15,42.8],[-9.15,42.8]]],[[[-8.9,42.1],[-8.9,42.1]]],[[[-9.13,42.78],[-9.13,42.78]]],[[[-8.01,43.71],[-8.01,43.71]]],[[[-9.1,42.58],[-9.1,42.58]]],[[[-8.96,42.57],[-8.96,42.57]]],[[[-9.02,42.49],[-9.02,42.49]]],[[[-8.93,42.45],[-8.93,42.45]]],[[[-9.1,43.19],[-9.1,43.19]]],[[[-8.85,43.33],[-8.85,43.33]]],[[[-8.12,43.65],[-8.12,43.65]]],[[[-8.89,42.05],[-8.89,42.05]]],[[[-8.95,43.29],[-8.95,43.29]]],[[[-9.16,42.91],[-9.16,42.91]]],[[[-9.16,42.91],[-9.16,42.91]]],[[[-8.9,42.49],[-8.9,42.49]]],[[[-9.01,42.49],[-9.01,42.49]]],[[[-8.89,41.98],[-8.89,41.98]]],[[[-9.13,42.84],[-9.13,42.84]]],[[[-8.89,42.49],[-8.89,42.49]]],[[[-7.35,43.66],[-7.35,43.66]]],[[[-9.13,42.84],[-9.13,42.84]]],[[[-8.2,43.6],[-8.2,43.6]]],[[[-8.84,42.34],[-8.84,42.34]]],[[[-8.33,43.4],[-8.33,43.4]]],[[[-9.04,42.53],[-9.04,42.53]]],[[[-8.6,43.32],[-8.6,43.32]]],[[[-8.87,42.44],[-8.87,42.44]]],[[[-8.93,42.48],[-8.93,42.48]]],[[[-8.99,43.27],[-8.99,43.27]]],[[[-7.05,43.56],[-7.05,43.56]]],[[[-8.87,41.87],[-8.87,41.87]]],[[[-8.92,42.45],[-8.92,42.45]]],[[[-8.94,42.47],[-8.94,42.47]]],[[[-8.82,42.31],[-8.82,42.31]]],[[[-8.9,42.09],[-8.9,42.09]]],[[[-8.9,42.11],[-8.9,42.11]]],[[[-9.2,43.14],[-9.2,43.14]]],[[[-9.06,42.61],[-9.06,42.61]]],[[[-8.2,43.61],[-8.2,43.61]]],[[[-8.78,42.22],[-8.78,42.22]]],[[[-8.92,42.4],[-8.92,42.4]]],[[[-8.89,42.02],[-8.89,42.02]]],[[[-8.89,41.97],[-8.89,41.97]]],[[[-9.2,43.16],[-9.2,43.16]]],[[[-8.94,42.46],[-8.94,42.46]]],[[[-9.15,42.81],[-9.15,42.81]]],[[[-9.15,42.87],[-9.15,42.87]]],[[[-9.02,42.48],[-9.02,42.48]]],[[[-8.12,43.65],[-8.12,43.65]]],[[[-8.89,42.57],[-8.89,42.57]]],[[[-9.01,42.52],[-9.01,42.52]]],[[[-8.81,42.34],[-8.81,42.34]]],[[[-9,42.47],[-9,42.47]]],[[[-9.28,42.95],[-9.28,42.95]]],[[[-9,42.5],[-9,42.5]]],[[[-8.04,43.71],[-8.04,43.71]]],[[[-8.86,42.5],[-8.86,42.5]]],[[[-8.87,42.15],[-8.87,42.15]]],[[[-9.15,42.81],[-9.15,42.81]]],[[[-9.08,42.58],[-9.08,42.58]]],[[[-8.74,42.27],[-8.74,42.27]]],[[[-7.77,43.74],[-7.77,43.74]]],[[[-7.77,43.74],[-7.77,43.74]]],[[[-8.77,42.26],[-8.77,42.26]]],[[[-9,42.47],[-9,42.47]]],[[[-9.02,42.47],[-9.02,42.47]]],[[[-9.26,43],[-9.26,43]]],[[[-9.01,42.49],[-9.01,42.49]]],[[[-9.14,43.2],[-9.14,43.2]]],[[[-9.08,43.19],[-9.08,43.19]]],[[[-8.99,42.53],[-8.99,42.53]]],[[[-9.15,42.86],[-9.15,42.86]]],[[[-8.02,43.71],[-8.02,43.71]]],[[[-8.93,42.45],[-8.93,42.45]]],[[[-8.94,42.48],[-8.94,42.48]]],[[[-8.9,42.11],[-8.9,42.11]]],[[[-8.2,43.61],[-8.2,43.61]]],[[[-8.95,43.25],[-8.95,43.25]]],[[[-9.02,42.48],[-9.02,42.48]]],[[[-8.06,43.71],[-8.06,43.71]]],[[[-8.6,43.32],[-8.6,43.32]]],[[[-8.89,42.5],[-8.89,42.5]]],[[[-8.88,43.32],[-8.88,43.32]]],[[[-8.82,42.31],[-8.82,42.31]]],[[[-9.04,42.53],[-9.04,42.53]]],[[[-9.1,43.19],[-9.1,43.19]]],[[[-9,42.49],[-9,42.49]]],[[[-8.93,42.45],[-8.93,42.45]]],[[[-8.87,42.26],[-8.87,42.26]]],[[[-8.91,42.18],[-8.91,42.18]]],[[[-8.01,43.71],[-8.01,43.71]]],[[[-9.14,42.85],[-9.14,42.85]]],[[[-8.89,42.41],[-8.89,42.41]]],[[[-8.88,41.88],[-8.88,41.88]]],[[[-8.45,43.38],[-8.45,43.38]]],[[[-7.77,43.74],[-7.77,43.74]]],[[[-8.9,42.11],[-8.9,42.11]]],[[[-9.13,42.81],[-9.13,42.81]]],[[[-9.09,42.58],[-9.09,42.58]]],[[[-8.82,42.3],[-8.82,42.3]]],[[[-9.18,43.18],[-9.18,43.18]]],[[[-8.92,42.45],[-8.92,42.45]]],[[[-8.84,42.34],[-8.84,42.34]]],[[[-8.83,42.55],[-8.83,42.55]]],[[[-9.14,42.85],[-9.14,42.85]]],[[[-8.94,42.45],[-8.94,42.45]]],[[[-8.86,42.3],[-8.86,42.3]]],[[[-8.07,43.69],[-8.07,43.69]]],[[[-8.92,42.45],[-8.92,42.45]]],[[[-8.77,42.39],[-8.77,42.39]]],[[[-8.86,42.31],[-8.86,42.31]]],[[[-9,42.51],[-9,42.51]]],[[[-9.02,42.49],[-9.02,42.49]]],[[[-9.04,42.53],[-9.04,42.53]]],[[[-8.83,42.34],[-8.83,42.34]]],[[[-8.88,42.5],[-8.88,42.5]]],[[[-8.94,42.46],[-8.94,42.46]]],[[[-8.9,42.11],[-8.9,42.11]]],[[[-8.02,43.71],[-8.02,43.71]]],[[[-8.86,42.29],[-8.86,42.29]]],[[[-8.92,42.45],[-8.92,42.45]]],[[[-9.15,42.8],[-9.15,42.8]]],[[[-8.88,42.15],[-8.88,42.15]]],[[[-8.02,43.71],[-8.02,43.71]]],[[[-8.92,42.46],[-8.92,42.46]]],[[[-9.17,42.8],[-9.17,42.8]]],[[[-7.76,43.74],[-7.76,43.74]]],[[[-7.77,43.74],[-7.77,43.74]]],[[[-9.05,42.54],[-9.05,42.54]]],[[[-8.59,43.32],[-8.59,43.32]]],[[[-8.9,42.24],[-8.9,42.24]]],[[[-9.1,43.19],[-9.1,43.19]]],[[[-7.86,43.77],[-7.86,43.77]]],[[[-8.52,43.33],[-8.52,43.33]]],[[[-9.15,42.81],[-9.15,42.81]]],[[[-9.01,43.24],[-9.01,43.24]]],[[[-8.84,42.26],[-8.84,42.26]]],[[[-9.01,42.51],[-9.01,42.51]]],[[[-8.91,42.46],[-8.91,42.46]]],[[[-9.02,42.48],[-9.02,42.48]]],[[[-7.75,43.75],[-7.75,43.75]]],[[[-8.76,42.23],[-8.76,42.23]]],[[[-7.73,43.75],[-7.73,43.75]]],[[[-8.84,43.35],[-8.84,43.35]]],[[[-8.94,42.46],[-8.94,42.46]]],[[[-8.22,43.59],[-8.22,43.59]]],[[[-8.21,43.42],[-8.21,43.42]]],[[[-9,42.49],[-9,42.49]]],[[[-8.8,42.61],[-8.8,42.61]]],[[[-7.32,43.63],[-7.32,43.63]]],[[[-9.12,42.84],[-9.12,42.84]]],[[[-8.04,43.71],[-8.04,43.71]]],[[[-8.81,42.2],[-8.81,42.2]]],[[[-8.57,43.32],[-8.57,43.32]]],[[[-9.01,42.49],[-9.01,42.49]]],[[[-8.83,42.34],[-8.83,42.34]]],[[[-8.19,43.61],[-8.19,43.61]]],[[[-8.94,42.34],[-8.94,42.34]]],[[[-9.15,42.8],[-9.15,42.8]]],[[[-8.95,43.25],[-8.95,43.25]]],[[[-8.92,42.59],[-8.92,42.59]]],[[[-8.77,42.34],[-8.77,42.34]]],[[[-8.92,42.6],[-8.92,42.6]]],[[[-8.9,43.32],[-8.9,43.32]]],[[[-8.84,42.34],[-8.84,42.34]]],[[[-8.93,42.45],[-8.93,42.45]]],[[[-9.02,43.22],[-9.02,43.22]]],[[[-8.93,42.45],[-8.93,42.45]]],[[[-8.89,41.99],[-8.89,41.99]]],[[[-8.83,43.35],[-8.83,43.35]]],[[[-7.75,43.75],[-7.75,43.75]]],[[[-8.92,42.45],[-8.92,42.45]]],[[[-8.9,43.32],[-8.9,43.32]]],[[[-8.14,43.63],[-8.14,43.63]]],[[[-8.97,42.57],[-8.97,42.57]]],[[[-9.29,42.94],[-9.29,42.94]]],[[[-8.81,42.19],[-8.81,42.19]]],[[[-9.05,42.51],[-9.05,42.51]]],[[[-8.94,42.46],[-8.94,42.46]]],[[[-8.92,42.45],[-8.92,42.45]]],[[[-8.88,41.87],[-8.88,41.87]]],[[[-8.3,43.54],[-8.3,43.54]]],[[[-9.05,42.54],[-9.05,42.54]]],[[[-8.86,42.5],[-8.86,42.5]]],[[[-8.86,42.31],[-8.86,42.31]]],[[[-8.83,43.35],[-8.83,43.35]]],[[[-8.92,42.46],[-8.92,42.46]]],[[[-7.75,43.75],[-7.75,43.75]]],[[[-8.94,42.45],[-8.94,42.45]]],[[[-9.08,42.73],[-9.08,42.73]]],[[[-8.76,42.26],[-8.76,42.26]]],[[[-9.02,42.48],[-9.02,42.48]]],[[[-8.79,42.24],[-8.79,42.24]]],[[[-8.02,43.71],[-8.02,43.71]]],[[[-9.13,42.84],[-9.13,42.84]]],[[[-9.04,42.56],[-9.04,42.56]]],[[[-9.1,43.19],[-9.1,43.19]]],[[[-8.9,42.54],[-8.9,42.54]]],[[[-8.94,42.46],[-8.94,42.46]]],[[[-9.01,42.48],[-9.01,42.48]]],[[[-8.9,42.12],[-8.9,42.12]]],[[[-8.87,42.44],[-8.87,42.44]]],[[[-9.17,42.8],[-9.17,42.8]]],[[[-9.14,42.89],[-9.14,42.89]]],[[[-9.14,42.82],[-9.14,42.82]]],[[[-8.02,43.71],[-8.02,43.71]]],[[[-8.84,42.34],[-8.84,42.34]]],[[[-8.22,43.59],[-8.22,43.59]]],[[[-8.92,42.45],[-8.92,42.45]]],[[[-8.83,42.57],[-8.83,42.57]]],[[[-8.89,42.05],[-8.89,42.05]]],[[[-8.89,42.05],[-8.89,42.05]]],[[[-8.94,42.46],[-8.94,42.46]]],[[[-9.02,42.48],[-9.02,42.48]]],[[[-8.83,42.25],[-8.83,42.25]]],[[[-9.02,42.48],[-9.02,42.48]]],[[[-9.02,42.47],[-9.02,42.47]]],[[[-7.76,43.74],[-7.76,43.74]]],[[[-8.94,42.47],[-8.94,42.47]]],[[[-8.9,42.46],[-8.9,42.46]]],[[[-9.05,42.51],[-9.05,42.51]]],[[[-8.94,42.46],[-8.94,42.46]]],[[[-7.74,43.75],[-7.74,43.75]]],[[[-8.86,42.5],[-8.86,42.5]]],[[[-9.09,42.58],[-9.09,42.58]]],[[[-9.02,42.78],[-9.02,42.78]]],[[[-9.14,42.79],[-9.14,42.79]]],[[[-9.15,42.88],[-9.15,42.88]]],[[[-9.14,43.2],[-9.14,43.2]]],[[[-8.02,43.71],[-8.02,43.71]]],[[[-8.08,43.67],[-8.08,43.67]]],[[[-8.33,43.4],[-8.33,43.4]]],[[[-8.85,42.15],[-8.85,42.15]]],[[[-8.83,42.14],[-8.83,42.14]]],[[[-8.92,42.46],[-8.92,42.46]]],[[[-8.75,42.26],[-8.75,42.26]]],[[[-8.91,42.2],[-8.91,42.2]]],[[[-8.86,42.3],[-8.86,42.3]]],[[[-9.06,42.69],[-9.06,42.69]]],[[[-8.91,42.18],[-8.91,42.18]]],[[[-8.9,42.1],[-8.9,42.1]]],[[[-8.86,42.15],[-8.86,42.15]]],[[[-8.93,42.45],[-8.93,42.45]]],[[[-9.28,42.95],[-9.28,42.95]]],[[[-8.89,42.46],[-8.89,42.46]]],[[[-9.13,42.79],[-9.13,42.79]]],[[[-8.9,42.46],[-8.9,42.46]]],[[[-9.28,42.96],[-9.28,42.96]]],[[[-9.15,42.86],[-9.15,42.86]]],[[[-9.19,43.18],[-9.19,43.18]]],[[[-9,42.78],[-9,42.78]]],[[[-8.87,42.15],[-8.87,42.15]]],[[[-9.02,42.48],[-9.02,42.48]]],[[[-8.93,42.45],[-8.93,42.45]]],[[[-8.97,43.23],[-8.97,43.23]]],[[[-9,42.49],[-9,42.49]]],[[[-9.2,43.16],[-9.2,43.16]]],[[[-9.15,42.88],[-9.15,42.88]]],[[[-8.9,42.11],[-8.9,42.11]]],[[[-8.81,42.5],[-8.81,42.5]]],[[[-7.87,43.78],[-7.87,43.78]]],[[[-9.14,42.86],[-9.14,42.86]]],[[[-9.01,42.49],[-9.01,42.49]]],[[[-8.84,42.29],[-8.84,42.29]]],[[[-8.87,42.15],[-8.87,42.15]]],[[[-8.99,42.56],[-8.99,42.56]]],[[[-8.82,42.58],[-8.82,42.58]]],[[[-9.05,42.53],[-9.05,42.53]]],[[[-9.09,43.19],[-9.09,43.19]]],[[[-8.8,42.34],[-8.8,42.34]]],[[[-8.77,42.22],[-8.77,42.22]]],[[[-9.01,42.5],[-9.01,42.5]]],[[[-8.86,42.3],[-8.86,42.3]]],[[[-7.76,43.74],[-7.76,43.74]]],[[[-9,42.47],[-9,42.47]]],[[[-9.09,42.58],[-9.09,42.58]]],[[[-8.89,42.5],[-8.89,42.5]]],[[[-9,42.49],[-9,42.49]]],[[[-9.14,42.79],[-9.14,42.79]]],[[[-8.8,42.64],[-8.8,42.64]]],[[[-9.15,42.88],[-9.15,42.88]]],[[[-8.88,41.88],[-8.88,41.88]]],[[[-8.9,42.1],[-8.9,42.1]]],[[[-8.93,42.8],[-8.93,42.8]]],[[[-7.92,43.75],[-7.92,43.75]]],[[[-8.22,43.59],[-8.22,43.59]]],[[[-8.86,42.31],[-8.86,42.31]]],[[[-9.08,42.59],[-9.08,42.59]]],[[[-8.91,42.46],[-8.91,42.46]]],[[[-8.92,42.45],[-8.92,42.45]]],[[[-9.14,42.79],[-9.14,42.79]]],[[[-8.91,42.2],[-8.91,42.2]]],[[[-8.94,42.39],[-8.94,42.39]]],[[[-9.13,42.84],[-9.13,42.84]]],[[[-9.01,42.5],[-9.01,42.5]]],[[[-9.15,42.74],[-9.15,42.74]]],[[[-8.89,42.5],[-8.89,42.5]]],[[[-8.02,43.71],[-8.02,43.71]]],[[[-8.86,42.31],[-8.86,42.31]]],[[[-8.94,42.46],[-8.94,42.46]]],[[[-9.15,42.87],[-9.15,42.87]]],[[[-9.09,42.57],[-9.09,42.57]]],[[[-9.15,42.88],[-9.15,42.88]]],[[[-9.09,42.56],[-9.09,42.56]]],[[[-9.02,42.48],[-9.02,42.48]]],[[[-8.95,42.38],[-8.95,42.38]]],[[[-9.14,42.82],[-9.14,42.82]]],[[[-8.94,42.48],[-8.94,42.48]]],[[[-9.15,42.81],[-9.15,42.81]]],[[[-9.08,42.57],[-9.08,42.57]]],[[[-9.14,42.86],[-9.14,42.86]]],[[[-8.83,42.31],[-8.83,42.31]]],[[[-8.19,43.61],[-8.19,43.61]]],[[[-8.86,42.3],[-8.86,42.3]]],[[[-8.92,42.46],[-8.92,42.46]]],[[[-8.78,43.3],[-8.78,43.3]]],[[[-8.86,42.28],[-8.86,42.28]]],[[[-9.05,42.57],[-9.05,42.57]]],[[[-8.9,42.46],[-8.9,42.46]]],[[[-8.84,43.35],[-8.84,43.35]]],[[[-8.88,41.88],[-8.88,41.88]]],[[[-9.02,43.23],[-9.02,43.23]]],[[[-8.89,41.98],[-8.89,41.98]]],[[[-9.02,42.48],[-9.02,42.48]]],[[[-9.15,42.81],[-9.15,42.81]]],[[[-7.85,43.73],[-7.85,43.73]]],[[[-9.18,43.18],[-9.18,43.18]]],[[[-8.22,43.59],[-8.22,43.59]]],[[[-8.9,42.49],[-8.9,42.49]]],[[[-8.96,42.57],[-8.96,42.57]]],[[[-8.89,42.46],[-8.89,42.46]]],[[[-9.02,43.22],[-9.02,43.22]]],[[[-9.02,42.49],[-9.02,42.49]]],[[[-8.09,43.67],[-8.09,43.67]]],[[[-8.86,42.5],[-8.86,42.5]]],[[[-8.92,42.4],[-8.92,42.4]]],[[[-9.02,42.46],[-9.02,42.46]]],[[[-7.75,43.75],[-7.75,43.75]]],[[[-9.08,42.58],[-9.08,42.58]]],[[[-7.86,43.73],[-7.86,43.73]]],[[[-9.05,42.51],[-9.05,42.51]]],[[[-8.91,42.4],[-8.91,42.4]]],[[[-8.92,42.45],[-8.92,42.45]]],[[[-8.89,42.5],[-8.89,42.5]]],[[[-8.09,43.67],[-8.09,43.67]]],[[[-8.9,42.09],[-8.9,42.09]]],[[[-8.93,42.46],[-8.93,42.46]]],[[[-8.87,42.15],[-8.87,42.15]]],[[[-8.93,42.45],[-8.93,42.45]]],[[[-9,42.53],[-9,42.53]]],[[[-8.94,42.48],[-8.94,42.48]]],[[[-9.09,43.19],[-9.09,43.19]]],[[[-8.19,43.61],[-8.19,43.61]]],[[[-9.15,42.86],[-9.15,42.86]]],[[[-8.82,42.19],[-8.82,42.19]]],[[[-8.92,42.46],[-8.92,42.46]]],[[[-8.83,42.34],[-8.83,42.34]]],[[[-8.92,42.45],[-8.92,42.45]]],[[[-8.83,42.57],[-8.83,42.57]]],[[[-8.94,42.46],[-8.94,42.46]]],[[[-8.8,42.2],[-8.8,42.2]]],[[[-8.84,42.16],[-8.84,42.16]]],[[[-8.92,42.46],[-8.92,42.46]]],[[[-8.87,42.15],[-8.87,42.15]]],[[[-8.83,43.35],[-8.83,43.35]]],[[[-8.9,42.24],[-8.9,42.24]]],[[[-9.05,42.51],[-9.05,42.51]]],[[[-9.08,43.19],[-9.08,43.19]]],[[[-9.14,42.79],[-9.14,42.79]]],[[[-8.02,43.71],[-8.02,43.71]]],[[[-8.88,41.87],[-8.88,41.87]]],[[[-8.86,42.31],[-8.86,42.31]]],[[[-8.2,43.6],[-8.2,43.6]]],[[[-8.03,43.71],[-8.03,43.71]]],[[[-8.9,42.12],[-8.9,42.12]]],[[[-8.8,42.34],[-8.8,42.34]]],[[[-8.9,42.12],[-8.9,42.12]]],[[[-8.9,42.24],[-8.9,42.24]]],[[[-8.31,43.55],[-8.31,43.55]]],[[[-9.09,42.57],[-9.09,42.57]]],[[[-9.09,42.74],[-9.09,42.74]]],[[[-9.06,42.69],[-9.06,42.69]]],[[[-9,42.49],[-9,42.49]]],[[[-8.83,42.3],[-8.83,42.3]]],[[[-8.01,43.71],[-8.01,43.71]]],[[[-8.89,41.94],[-8.89,41.94]]],[[[-8.97,42.57],[-8.97,42.57]]],[[[-8.89,41.94],[-8.89,41.94]]],[[[-9.04,42.52],[-9.04,42.52]]],[[[-8.81,42.19],[-8.81,42.19]]],[[[-8.9,42.49],[-8.9,42.49]]],[[[-9.09,43.19],[-9.09,43.19]]],[[[-8.9,42.46],[-8.9,42.46]]],[[[-8.91,42.12],[-8.91,42.12]]],[[[-9.01,42.49],[-9.01,42.49]]],[[[-8.94,42.46],[-8.94,42.46]]],[[[-8.9,42.1],[-8.9,42.1]]],[[[-8.94,42.38],[-8.94,42.38]]],[[[-8.94,42.46],[-8.94,42.46]]],[[[-9.1,43.19],[-9.1,43.19]]],[[[-8.97,43.23],[-8.97,43.23]]],[[[-8.81,42.58],[-8.81,42.58]]],[[[-9.02,42.71],[-9.02,42.71]]],[[[-9.02,42.49],[-9.02,42.49]]],[[[-8.86,42.3],[-8.86,42.3]]],[[[-9.08,42.59],[-9.08,42.59]]],[[[-8.88,42.56],[-8.88,42.56]]],[[[-8.87,42.26],[-8.87,42.26]]],[[[-8.78,42.22],[-8.78,42.22]]],[[[-8.6,43.32],[-8.6,43.32]]],[[[-9.04,42.51],[-9.04,42.51]]],[[[-8.97,42.57],[-8.97,42.57]]],[[[-9.08,42.58],[-9.08,42.58]]],[[[-9.15,42.74],[-9.15,42.74]]],[[[-9.03,42.51],[-9.03,42.51]]],[[[-8.6,43.32],[-8.6,43.32]]],[[[-9.03,42.52],[-9.03,42.52]]],[[[-7.74,43.75],[-7.74,43.75]]],[[[-9.02,43.22],[-9.02,43.22]]],[[[-9.14,42.85],[-9.14,42.85]]],[[[-8.93,42.48],[-8.93,42.48]]],[[[-8.85,42.16],[-8.85,42.16]]],[[[-9.01,42.51],[-9.01,42.51]]],[[[-9,42.47],[-9,42.47]]],[[[-8.94,42.46],[-8.94,42.46]]],[[[-9.08,42.57],[-9.08,42.57]]],[[[-7.82,43.72],[-7.82,43.72]]],[[[-8.89,41.95],[-8.89,41.95]]],[[[-8.09,43.67],[-8.09,43.67]]],[[[-8.85,43.33],[-8.85,43.33]]],[[[-9.02,42.48],[-9.02,42.48]]],[[[-9.14,42.88],[-9.14,42.88]]],[[[-9.19,43.18],[-9.19,43.18]]],[[[-9.02,42.48],[-9.02,42.48]]],[[[-9.15,42.74],[-9.15,42.74]]],[[[-8.94,42.48],[-8.94,42.48]]],[[[-9,42.47],[-9,42.47]]],[[[-8.9,42.24],[-8.9,42.24]]],[[[-9,42.47],[-9,42.47]]],[[[-8.94,42.47],[-8.94,42.47]]],[[[-9.02,42.46],[-9.02,42.46]]],[[[-8.82,42.66],[-8.82,42.66]]],[[[-7.77,43.74],[-7.77,43.74]]],[[[-8.86,42.29],[-8.86,42.29]]],[[[-8.74,42.27],[-8.74,42.27]]],[[[-8.31,43.54],[-8.31,43.54]]],[[[-9.01,42.5],[-9.01,42.5]]],[[[-9.01,42.48],[-9.01,42.48]]],[[[-8.87,42.15],[-8.87,42.15]]],[[[-8.85,42.16],[-8.85,42.16]]],[[[-9.04,42.53],[-9.04,42.53]]],[[[-8.74,42.27],[-8.74,42.27]]],[[[-8.19,43.62],[-8.19,43.62]]],[[[-9.14,43.2],[-9.14,43.2]]],[[[-8.8,42.61],[-8.8,42.61]]],[[[-8.92,43.29],[-8.92,43.29]]],[[[-9.02,43.22],[-9.02,43.22]]],[[[-9.2,43.16],[-9.2,43.16]]],[[[-8.83,42.32],[-8.83,42.32]]],[[[-8.95,42.38],[-8.95,42.38]]],[[[-8.76,42.26],[-8.76,42.26]]],[[[-8.92,43.3],[-8.92,43.3]]],[[[-9.2,43.16],[-9.2,43.16]]],[[[-9.05,42.51],[-9.05,42.51]]],[[[-8.93,42.48],[-8.93,42.48]]],[[[-9.01,42.49],[-9.01,42.49]]],[[[-8.94,42.48],[-8.94,42.48]]],[[[-9.05,42.51],[-9.05,42.51]]],[[[-9.14,42.79],[-9.14,42.79]]],[[[-8.91,42.2],[-8.91,42.2]]],[[[-8.9,42.11],[-8.9,42.11]]],[[[-8.09,43.67],[-8.09,43.67]]],[[[-9.02,42.71],[-9.02,42.71]]],[[[-8.8,42.34],[-8.8,42.34]]],[[[-8.94,42.48],[-8.94,42.48]]],[[[-8.91,43.31],[-8.91,43.31]]],[[[-8.81,42.2],[-8.81,42.2]]],[[[-9.04,42.51],[-9.04,42.51]]],[[[-9.14,42.81],[-9.14,42.81]]],[[[-9,42.49],[-9,42.49]]],[[[-8.94,42.48],[-8.94,42.48]]],[[[-8.2,43.61],[-8.2,43.61]]],[[[-9.11,43.19],[-9.11,43.19]]],[[[-9.01,43.23],[-9.01,43.23]]],[[[-9.01,43.23],[-9.01,43.23]]],[[[-8.9,42.46],[-8.9,42.46]]],[[[-9.08,43.19],[-9.08,43.19]]],[[[-8.78,42.23],[-8.78,42.23]]],[[[-9.01,42.5],[-9.01,42.5]]],[[[-8.75,42.27],[-8.75,42.27]]],[[[-7.87,43.77],[-7.87,43.77]]],[[[-9.05,42.51],[-9.05,42.51]]],[[[-8.78,42.23],[-8.78,42.23]]],[[[-8.89,42.46],[-8.89,42.46]]],[[[-9.18,42.88],[-9.18,42.88]]],[[[-9.09,42.58],[-9.09,42.58]]],[[[-9.02,42.49],[-9.02,42.49]]],[[[-8.83,42.32],[-8.83,42.32]]],[[[-8.86,42.28],[-8.86,42.28]]],[[[-9.01,42.51],[-9.01,42.51]]],[[[-9.02,43.22],[-9.02,43.22]]],[[[-8.95,42.38],[-8.95,42.38]]],[[[-8.89,42.46],[-8.89,42.46]]],[[[-8.78,42.22],[-8.78,42.22]]],[[[-9.17,42.8],[-9.17,42.8]]],[[[-8.91,42.18],[-8.91,42.18]]],[[[-9.03,43.22],[-9.03,43.22]]],[[[-8.63,42.31],[-8.63,42.31]]],[[[-9.09,42.58],[-9.09,42.58]]],[[[-8.85,43.33],[-8.85,43.33]]],[[[-8.84,42.34],[-8.84,42.34]]],[[[-9.15,42.8],[-9.15,42.8]]],[[[-8.89,42.5],[-8.89,42.5]]],[[[-9.04,42.51],[-9.04,42.51]]],[[[-9.04,42.51],[-9.04,42.51]]],[[[-8.94,42.48],[-8.94,42.48]]],[[[-8.94,42.46],[-8.94,42.46]]],[[[-7.82,43.72],[-7.82,43.72]]],[[[-9.16,42.91],[-9.16,42.91]]],[[[-7.77,43.74],[-7.77,43.74]]],[[[-8.9,42.49],[-8.9,42.49]]],[[[-9.02,42.49],[-9.02,42.49]]],[[[-8.97,42.57],[-8.97,42.57]]],[[[-8.94,42.48],[-8.94,42.48]]],[[[-9,42.47],[-9,42.47]]],[[[-9.04,42.53],[-9.04,42.53]]],[[[-8.94,42.48],[-8.94,42.48]]],[[[-9.14,42.79],[-9.14,42.79]]],[[[-8.83,42.29],[-8.83,42.29]]],[[[-9.15,42.79],[-9.15,42.79]]],[[[-7.75,43.75],[-7.75,43.75]]],[[[-8.83,43.35],[-8.83,43.35]]],[[[-8.93,42.48],[-8.93,42.48]]],[[[-8.8,42.2],[-8.8,42.2]]],[[[-8.87,42.26],[-8.87,42.26]]],[[[-8.9,42.09],[-8.9,42.09]]],[[[-8.22,43.59],[-8.22,43.59]]],[[[-8.89,42.46],[-8.89,42.46]]],[[[-8.84,42.34],[-8.84,42.34]]],[[[-8.92,42.45],[-8.92,42.45]]],[[[-9.04,42.53],[-9.04,42.53]]],[[[-8.94,42.48],[-8.94,42.48]]],[[[-8.89,42.46],[-8.89,42.46]]],[[[-8.92,42.45],[-8.92,42.45]]],[[[-8.87,42.26],[-8.87,42.26]]],[[[-8.76,42.35],[-8.76,42.35]]],[[[-9.02,42.48],[-9.02,42.48]]],[[[-8.98,43.28],[-8.98,43.28]]],[[[-8.94,42.48],[-8.94,42.48]]],[[[-8.86,42.29],[-8.86,42.29]]],[[[-8.81,42.2],[-8.81,42.2]]],[[[-8.94,42.46],[-8.94,42.46]]],[[[-8.85,42.15],[-8.85,42.15]]],[[[-8.83,42.34],[-8.83,42.34]]],[[[-9.04,42.52],[-9.04,42.52]]],[[[-9.01,42.5],[-9.01,42.5]]],[[[-8.91,42.18],[-8.91,42.18]]],[[[-8.8,42.34],[-8.8,42.34]]],[[[-8.92,42.46],[-8.92,42.46]]],[[[-9.15,42.81],[-9.15,42.81]]],[[[-8.9,42.08],[-8.9,42.08]]],[[[-9.15,42.81],[-9.15,42.81]]],[[[-8.96,42.57],[-8.96,42.57]]],[[[-8.78,42.22],[-8.78,42.22]]],[[[-8.9,42.1],[-8.9,42.1]]],[[[-9.14,42.82],[-9.14,42.82]]],[[[-9.18,42.88],[-9.18,42.88]]],[[[-9.01,42.5],[-9.01,42.5]]],[[[-8.97,42.57],[-8.97,42.57]]],[[[-8.7,42.26],[-8.7,42.26]]],[[[-9.09,43.19],[-9.09,43.19]]],[[[-9.15,42.8],[-9.15,42.8]]],[[[-9.02,42.48],[-9.02,42.48]]],[[[-8.93,43.29],[-8.93,43.29]]],[[[-8.9,42.49],[-8.9,42.49]]],[[[-8.2,43.61],[-8.2,43.61]]],[[[-8.89,42.46],[-8.89,42.46]]],[[[-8.87,42.15],[-8.87,42.15]]],[[[-8.9,42.46],[-8.9,42.46]]],[[[-9.08,42.6],[-9.08,42.6]]],[[[-8.74,42.38],[-8.74,42.38]]],[[[-9.05,42.51],[-9.05,42.51]]],[[[-8.94,42.48],[-8.94,42.48]]],[[[-9.15,42.82],[-9.15,42.82]]],[[[-9,42.47],[-9,42.47]]],[[[-8.21,43.59],[-8.21,43.59]]],[[[-8.81,42.34],[-8.81,42.34]]],[[[-9.09,43.19],[-9.09,43.19]]],[[[-9.17,42.8],[-9.17,42.8]]],[[[-8.85,42.15],[-8.85,42.15]]],[[[-8.98,42.53],[-8.98,42.53]]],[[[-8.01,43.71],[-8.01,43.71]]],[[[-9.01,43.23],[-9.01,43.23]]],[[[-8.86,42.31],[-8.86,42.31]]],[[[-9.01,42.5],[-9.01,42.5]]],[[[-9.01,42.51],[-9.01,42.51]]],[[[-8.92,42.59],[-8.92,42.59]]],[[[-9.02,43.22],[-9.02,43.22]]],[[[-9.02,42.49],[-9.02,42.49]]],[[[-8.94,42.47],[-8.94,42.47]]],[[[-8.86,42.5],[-8.86,42.5]]],[[[-9.08,42.6],[-9.08,42.6]]],[[[-8.88,42.5],[-8.88,42.5]]],[[[-8.8,42.34],[-8.8,42.34]]],[[[-8.84,42.63],[-8.84,42.63]]],[[[-8.85,42.16],[-8.85,42.16]]],[[[-8.86,42.29],[-8.86,42.29]]],[[[-8.93,43.29],[-8.93,43.29]]],[[[-8.9,42.09],[-8.9,42.09]]],[[[-7.74,43.75],[-7.74,43.75]]],[[[-7.8,43.74],[-7.8,43.74]]],[[[-8.82,42.58],[-8.82,42.58]]],[[[-8.94,42.48],[-8.94,42.48]]],[[[-9.01,42.48],[-9.01,42.48]]],[[[-9.06,42.61],[-9.06,42.61]]],[[[-9.03,42.7],[-9.03,42.7]]],[[[-9.15,42.8],[-9.15,42.8]]],[[[-9.28,42.95],[-9.28,42.95]]],[[[-8.85,42.15],[-8.85,42.15]]],[[[-9.27,43.01],[-9.27,43.01]]],[[[-9.15,42.79],[-9.15,42.79]]],[[[-9.09,43.19],[-9.09,43.19]]],[[[-8.96,42.57],[-8.96,42.57]]],[[[-9.01,42.51],[-9.01,42.51]]],[[[-9.01,43.23],[-9.01,43.23]]],[[[-8.22,43.59],[-8.22,43.59]]],[[[-8.84,42.34],[-8.84,42.34]]],[[[-8.84,42.16],[-8.84,42.16]]],[[[-8.84,42.34],[-8.84,42.34]]],[[[-9.14,42.79],[-9.14,42.79]]],[[[-9.01,42.48],[-9.01,42.48]]],[[[-8.99,43.27],[-8.99,43.27]]],[[[-8.85,43.33],[-8.85,43.33]]],[[[-9.05,42.51],[-9.05,42.51]]],[[[-9.01,42.51],[-9.01,42.51]]],[[[-7.77,43.74],[-7.77,43.74]]],[[[-9.14,42.79],[-9.14,42.79]]],[[[-8.92,42.46],[-8.92,42.46]]],[[[-9.04,42.56],[-9.04,42.56]]],[[[-8.91,43.31],[-8.91,43.31]]],[[[-8.76,42.35],[-8.76,42.35]]],[[[-8.9,42.46],[-8.9,42.46]]],[[[-8.79,42.25],[-8.79,42.25]]],[[[-8.89,42.46],[-8.89,42.46]]],[[[-8.92,42.46],[-8.92,42.46]]],[[[-8.86,42.3],[-8.86,42.3]]],[[[-8.77,42.22],[-8.77,42.22]]],[[[-8.86,42.29],[-8.86,42.29]]],[[[-8.82,42.34],[-8.82,42.34]]],[[[-8.92,42.46],[-8.92,42.46]]],[[[-8.94,42.48],[-8.94,42.48]]],[[[-8.9,42.12],[-8.9,42.12]]],[[[-7.77,43.74],[-7.77,43.74]]],[[[-8.96,42.57],[-8.96,42.57]]],[[[-8.84,43.35],[-8.84,43.35]]],[[[-9.02,43.22],[-9.02,43.22]]],[[[-8.86,42.3],[-8.86,42.3]]],[[[-9.01,42.51],[-9.01,42.51]]],[[[-8.76,42.26],[-8.76,42.26]]],[[[-8.81,42.19],[-8.81,42.19]]],[[[-8.8,42.34],[-8.8,42.34]]],[[[-8.86,42.29],[-8.86,42.29]]],[[[-7.79,43.74],[-7.79,43.74]]],[[[-9,42.51],[-9,42.51]]],[[[-8.86,42.3],[-8.86,42.3]]],[[[-8.81,42.19],[-8.81,42.19]]],[[[-9.02,43.22],[-9.02,43.22]]],[[[-7.75,43.75],[-7.75,43.75]]],[[[-7.74,43.75],[-7.74,43.75]]],[[[-8.13,43.64],[-8.13,43.64]]],[[[-9.15,42.82],[-9.15,42.82]]],[[[-8.15,43.62],[-8.15,43.62]]],[[[-8.89,42.46],[-8.89,42.46]]],[[[-9.08,42.6],[-9.08,42.6]]],[[[-9.05,42.51],[-9.05,42.51]]],[[[-8.09,43.67],[-8.09,43.67]]],[[[-9.15,42.79],[-9.15,42.79]]],[[[-8.81,42.19],[-8.81,42.19]]],[[[-8.85,43.33],[-8.85,43.33]]],[[[-9.02,43.23],[-9.02,43.23]]],[[[-9.01,43.23],[-9.01,43.23]]],[[[-9.14,42.8],[-9.14,42.8]]],[[[-8.82,42.58],[-8.82,42.58]]],[[[-7.77,43.74],[-7.77,43.74]]],[[[-8.25,43.56],[-8.25,43.56]]],[[[-8.77,42.22],[-8.77,42.22]]],[[[-9.04,42.56],[-9.04,42.56]]],[[[-8.89,42.09],[-8.89,42.09]]],[[[-8.84,42.29],[-8.84,42.29]]],[[[-8.98,42.54],[-8.98,42.54]]],[[[-8.97,43.23],[-8.97,43.23]]],[[[-9.04,42.52],[-9.04,42.52]]],[[[-7.75,43.75],[-7.75,43.75]]],[[[-8.78,42.39],[-8.78,42.39]]],[[[-8.76,42.65],[-8.76,42.65]]],[[[-9.17,42.8],[-9.17,42.8]]],[[[-8.94,42.38],[-8.94,42.38]]],[[[-9.01,43.23],[-9.01,43.23]]],[[[-9.15,42.74],[-9.15,42.74]]],[[[-8.93,42.48],[-8.93,42.48]]],[[[-9.08,42.73],[-9.08,42.73]]],[[[-8.19,43.62],[-8.19,43.62]]],[[[-8.98,42.54],[-8.98,42.54]]],[[[-8.83,42.3],[-8.83,42.3]]],[[[-8.87,42.5],[-8.87,42.5]]],[[[-9.11,43.19],[-9.11,43.19]]],[[[-8.99,42.53],[-8.99,42.53]]],[[[-9.05,42.51],[-9.05,42.51]]],[[[-8.81,42.2],[-8.81,42.2]]],[[[-9.05,42.53],[-9.05,42.53]]],[[[-8.91,42.25],[-8.91,42.25]]],[[[-8.77,42.22],[-8.77,42.22]]],[[[-9.05,42.52],[-9.05,42.52]]],[[[-8.81,42.34],[-8.81,42.34]]],[[[-8.86,43.32],[-8.86,43.32]]],[[[-9.09,43.19],[-9.09,43.19]]],[[[-7.8,43.74],[-7.8,43.74]]],[[[-9.04,42.52],[-9.04,42.52]]],[[[-8.19,43.61],[-8.19,43.61]]],[[[-8.81,42.34],[-8.81,42.34]]],[[[-9.1,43.19],[-9.1,43.19]]],[[[-8.86,42.3],[-8.86,42.3]]],[[[-9.15,42.79],[-9.15,42.79]]],[[[-8.94,42.47],[-8.94,42.47]]],[[[-9.06,42.61],[-9.06,42.61]]],[[[-8.86,42.29],[-8.86,42.29]]],[[[-8.83,42.34],[-8.83,42.34]]],[[[-8.94,42.48],[-8.94,42.48]]],[[[-8.82,42.31],[-8.82,42.31]]],[[[-9.02,43.22],[-9.02,43.22]]],[[[-8.6,43.32],[-8.6,43.32]]],[[[-9.28,43.01],[-9.28,43.01]]],[[[-8.83,42.58],[-8.83,42.58]]],[[[-9.15,42.79],[-9.15,42.79]]],[[[-8.91,42.22],[-8.91,42.22]]],[[[-9.01,42.51],[-9.01,42.51]]],[[[-9.17,42.8],[-9.17,42.8]]],[[[-9.01,42.51],[-9.01,42.51]]],[[[-9.15,42.8],[-9.15,42.8]]],[[[-9.04,42.51],[-9.04,42.51]]],[[[-8.84,42.29],[-8.84,42.29]]],[[[-9.04,42.56],[-9.04,42.56]]],[[[-9.01,42.52],[-9.01,42.52]]],[[[-8.77,42.39],[-8.77,42.39]]],[[[-8.84,42.29],[-8.84,42.29]]],[[[-9.04,42.56],[-9.04,42.56]]],[[[-8.98,42.53],[-8.98,42.53]]],[[[-8.82,42.3],[-8.82,42.3]]],[[[-9.09,43.19],[-9.09,43.19]]],[[[-9.02,43.22],[-9.02,43.22]]],[[[-8.8,42.34],[-8.8,42.34]]],[[[-8.96,42.57],[-8.96,42.57]]],[[[-9.15,42.74],[-9.15,42.74]]],[[[-8.9,42.46],[-8.9,42.46]]],[[[-9.01,43.23],[-9.01,43.23]]],[[[-7.77,43.74],[-7.77,43.74]]],[[[-9.04,42.51],[-9.04,42.51]]],[[[-8.2,43.6],[-8.2,43.6]]],[[[-9.15,42.82],[-9.15,42.82]]],[[[-8.88,42],[-8.88,42]]],[[[-9.01,43.23],[-9.01,43.23]]],[[[-9.04,42.51],[-9.04,42.51]]],[[[-9.02,43.22],[-9.02,43.22]]],[[[-8.94,42.47],[-8.94,42.47]]],[[[-8.75,42.27],[-8.75,42.27]]],[[[-8.86,42.29],[-8.86,42.29]]],[[[-9.04,42.52],[-9.04,42.52]]],[[[-8.91,42.18],[-8.91,42.18]]],[[[-8.8,42.61],[-8.8,42.61]]],[[[-9.04,42.56],[-9.04,42.56]]],[[[-9.01,42.5],[-9.01,42.5]]],[[[-8.97,43.23],[-8.97,43.23]]],[[[-8.6,43.32],[-8.6,43.32]]],[[[-8.86,42.15],[-8.86,42.15]]],[[[-8.86,42.3],[-8.86,42.3]]],[[[-9.15,42.8],[-9.15,42.8]]],[[[-7.8,43.73],[-7.8,43.73]]],[[[-8.98,42.53],[-8.98,42.53]]],[[[-8.91,42.18],[-8.91,42.18]]],[[[-9.01,43.23],[-9.01,43.23]]],[[[-8.83,42.32],[-8.83,42.32]]],[[[-8.2,43.6],[-8.2,43.6]]],[[[-8.96,43.23],[-8.96,43.23]]],[[[-8.83,42.34],[-8.83,42.34]]],[[[-8.79,43.31],[-8.79,43.31]]],[[[-8.89,42.46],[-8.89,42.46]]],[[[-8.81,42.19],[-8.81,42.19]]],[[[-8.84,42.16],[-8.84,42.16]]],[[[-9.15,42.8],[-9.15,42.8]]],[[[-8.91,42.18],[-8.91,42.18]]],[[[-8.94,42.47],[-8.94,42.47]]],[[[-8.31,43.55],[-8.31,43.55]]],[[[-9.12,43.2],[-9.12,43.2]]],[[[-7.82,43.72],[-7.82,43.72]]],[[[-8.8,42.61],[-8.8,42.61]]],[[[-8.77,42.39],[-8.77,42.39]]],[[[-8.83,42.34],[-8.83,42.34]]],[[[-8.86,42.29],[-8.86,42.29]]],[[[-9.04,42.51],[-9.04,42.51]]],[[[-9.12,43.2],[-9.12,43.2]]],[[[-9.04,42.56],[-9.04,42.56]]],[[[-7.75,43.75],[-7.75,43.75]]],[[[-7.75,43.75],[-7.75,43.75]]],[[[-9.02,43.22],[-9.02,43.22]]],[[[-9.03,42.52],[-9.03,42.52]]],[[[-8.95,43.26],[-8.95,43.26]]],[[[-9.14,42.79],[-9.14,42.79]]],[[[-8.84,42.29],[-8.84,42.29]]],[[[-7.75,43.75],[-7.75,43.75]]],[[[-9.04,42.54],[-9.04,42.54]]],[[[-9.04,42.56],[-9.04,42.56]]],[[[-9.1,43.19],[-9.1,43.19]]],[[[-9.15,42.8],[-9.15,42.8]]],[[[-9.04,42.56],[-9.04,42.56]]],[[[-9.28,43.01],[-9.28,43.01]]],[[[-9.08,43.19],[-9.08,43.19]]],[[[-8.95,42.56],[-8.95,42.56]]],[[[-9.09,43.19],[-9.09,43.19]]],[[[-9.08,43.19],[-9.08,43.19]]],[[[-9.01,43.23],[-9.01,43.23]]],[[[-9.14,42.82],[-9.14,42.82]]],[[[-9.19,43.19],[-9.19,43.19]]],[[[-8.84,43.35],[-8.84,43.35]]],[[[-7.77,43.74],[-7.77,43.74]]],[[[-9.08,43.18],[-9.08,43.18]]],[[[-8.84,42.29],[-8.84,42.29]]],[[[-9.15,42.79],[-9.15,42.79]]],[[[-8.82,42.58],[-8.82,42.58]]],[[[-8.82,42.31],[-8.82,42.31]]],[[[-8.95,42.56],[-8.95,42.56]]],[[[-9.04,42.51],[-9.04,42.51]]],[[[-9.15,42.8],[-9.15,42.8]]],[[[-8.19,43.62],[-8.19,43.62]]],[[[-9.03,42.71],[-9.03,42.71]]],[[[-8.97,42.57],[-8.97,42.57]]],[[[-9.12,43.2],[-9.12,43.2]]],[[[-9.04,42.52],[-9.04,42.52]]],[[[-8.81,42.19],[-8.81,42.19]]],[[[-7.76,43.74],[-7.76,43.74]]],[[[-9.04,42.51],[-9.04,42.51]]],[[[-7.77,43.74],[-7.77,43.74]]],[[[-9.08,43.19],[-9.08,43.19]]],[[[-8.82,42.66],[-8.82,42.66]]],[[[-9.04,42.53],[-9.04,42.53]]],[[[-9.03,42.52],[-9.03,42.52]]],[[[-9,42.51],[-9,42.51]]],[[[-7.77,43.74],[-7.77,43.74]]],[[[-8.84,42.29],[-8.84,42.29]]],[[[-8.77,42.39],[-8.77,42.39]]],[[[-8.85,43.33],[-8.85,43.33]]],[[[-9.1,43.19],[-9.1,43.19]]],[[[-8.92,42.62],[-8.92,42.62]]],[[[-9.08,43.19],[-9.08,43.19]]],[[[-8.99,42.52],[-8.99,42.52]]],[[[-7.77,43.74],[-7.77,43.74]]],[[[-9.08,43.19],[-9.08,43.19]]],[[[-8.97,42.57],[-8.97,42.57]]],[[[-8.77,42.39],[-8.77,42.39]]],[[[-7.77,43.74],[-7.77,43.74]]],[[[-8.97,42.57],[-8.97,42.57]]],[[[-9.09,43.19],[-9.09,43.19]]],[[[-7.75,43.75],[-7.75,43.75]]],[[[-9.01,43.22],[-9.01,43.22]]],[[[-9,43.23],[-9,43.23]]],[[[-9.1,43.19],[-9.1,43.19]]],[[[-8.83,42.35],[-8.83,42.35]]],[[[-8.92,42.62],[-8.92,42.62]]],[[[-9.08,43.19],[-9.08,43.19]]],[[[-9.1,43.19],[-9.1,43.19]]],[[[-9.01,43.22],[-9.01,43.22]]],[[[-7.76,43.74],[-7.76,43.74]]],[[[-9,43.23],[-9,43.23]]],[[[-9.01,42.5],[-9.01,42.5]]],[[[-9.08,43.19],[-9.08,43.19]]],[[[-8.88,41.87],[-8.88,41.87]]]]},"properties":{"name":"Galicia"}},{"type":"Feature","geometry":{"type":"MultiPolygon","coordinates":[[[[-0.75,42.92],[-0.6,42.83],[-0.53,42.79],[-0.44,42.8],[-0.31,42.85],[-0.19,42.79],[-0.11,42.72],[-0.02,42.69],[0.06,42.7],[0.18,42.74],[0.26,42.72],[0.36,42.72],[0.59,42.69],[0.7,42.66],[0.77,42.61],[0.74,42.51],[0.75,42.39],[0.7,42.19],[0.65,42.03],[0.6,41.96],[0.61,41.87],[0.52,41.82],[0.4,41.76],[0.33,41.68],[0.43,41.6],[0.4,41.49],[0.32,41.39],[0.39,41.28],[0.32,41.23],[0.25,41.13],[0.28,41.02],[0.24,40.89],[0.28,40.82],[0.18,40.76],[0.04,40.69],[-0.06,40.73],[-0.16,40.79],[-0.24,40.69],[-0.38,40.67],[-0.29,40.61],[-0.3,40.52],[-0.35,40.44],[-0.28,40.39],[-0.37,40.31],[-0.43,40.24],[-0.54,40.25],[-0.58,40.14],[-0.68,40.04],[-0.78,40],[-0.84,39.92],[-0.91,39.87],[-0.99,39.98],[-1.1,39.98],[-1.15,40.11],[-1.25,40.12],[-1.3,40.21],[-1.36,40.13],[-1.44,40.2],[-1.69,40.31],[-1.78,40.39],[-1.69,40.49],[-1.68,40.59],[-1.6,40.56],[-1.54,40.69],[-1.54,40.81],[-1.62,40.88],[-1.8,41.09],[-1.93,41.14],[-2.05,41.15],[-2.15,41.18],[-2.17,41.29],[-2.12,41.38],[-2.04,41.43],[-1.94,41.41],[-1.97,41.55],[-1.86,41.66],[-1.77,41.73],[-1.85,41.79],[-1.86,41.91],[-1.77,42],[-1.65,41.97],[-1.56,41.91],[-1.41,41.92],[-1.34,42.02],[-1.4,42.13],[-1.42,42.21],[-1.33,42.36],[-1.27,42.48],[-1.26,42.56],[-1.16,42.6],[-1.05,42.64],[-0.95,42.71],[-0.86,42.76],[-0.86,42.85],[-0.75,42.92]],[[-1.13,42.46],[-1.05,42.44],[-1.13,42.46]],[[-1.15,42.43],[-1.19,42.4],[-1.15,42.43]]]]},"properties":{"name":"Aragon"}},{"type":"Feature","geometry":{"type":"MultiPolygon","coordinates":[[[[-3.54,41.16],[-3.49,41.09],[-3.39,41],[-3.44,40.91],[-3.48,40.82],[-3.45,40.74],[-3.4,40.67],[-3.33,40.6],[-3.25,40.54],[-3.2,40.44],[-3.15,40.37],[-3.19,40.25],[-3.11,40.28],[-3.07,40.16],[-3.12,40.06],[-3.28,40.05],[-3.37,40.08],[-3.51,40.05],[-3.59,40.01],[-3.74,39.94],[-3.87,39.91],[-3.78,39.95],[-3.7,40.02],[-3.61,40.11],[-3.72,40.15],[-3.8,40.18],[-3.93,40.2],[-4.03,40.24],[-4.15,40.24],[-4.25,40.27],[-4.35,40.24],[-4.43,40.26],[-4.51,40.22],[-4.55,40.34],[-4.46,40.32],[-4.32,40.41],[-4.33,40.53],[-4.28,40.6],[-4.16,40.62],[-4.1,40.75],[-3.98,40.78],[-3.95,40.86],[-3.91,40.96],[-3.78,41],[-3.68,41.09],[-3.61,41.15],[-3.54,41.16]],[[-3.37,40.64],[-3.37,40.64]]],[[[-4.26,40.65],[-4.26,40.65]]]]},"properties":{"name":"Madrid"}},{"type":"Feature","geometry":{"type":"MultiPolygon","coordinates":[[[[-6.23,40.49],[-6.12,40.44],[-6.11,40.36],[-6.02,40.34],[-5.94,40.28],[-5.8,40.35],[-5.69,40.29],[-5.61,40.22],[-5.47,40.21],[-5.34,40.26],[-5.37,40.16],[-5.36,39.98],[-5.41,39.88],[-5.32,39.89],[-5.31,39.76],[-5.21,39.8],[-5.14,39.72],[-5.16,39.64],[-4.95,39.39],[-4.87,39.37],[-4.78,39.4],[-4.69,39.45],[-4.7,39.36],[-4.71,39.21],[-4.81,39.2],[-4.87,39.1],[-4.96,39.06],[-4.92,38.96],[-4.83,38.94],[-4.91,38.89],[-4.99,38.74],[-5.1,38.71],[-5.18,38.72],[-5.29,38.61],[-5.37,38.58],[-5.42,38.51],[-5.52,38.46],[-5.58,38.39],[-5.52,38.24],[-5.54,38.16],[-5.63,38.14],[-5.71,38.08],[-5.73,38.2],[-5.85,38.17],[-5.93,38.1],[-5.95,37.99],[-6.11,37.98],[-6.18,37.94],[-6.3,37.98],[-6.37,38.05],[-6.48,38.01],[-6.58,38.05],[-6.73,38.09],[-6.79,38.18],[-6.94,38.21],[-7.07,38.19],[-7.14,38.24],[-7.28,38.42],[-7.3,38.55],[-7.24,38.62],[-7.25,38.73],[-7.13,38.81],[-7.03,38.88],[-6.95,39.02],[-7,39.1],[-7.11,39.1],[-7.24,39.21],[-7.31,39.34],[-7.3,39.46],[-7.38,39.49],[-7.46,39.57],[-7.54,39.66],[-7.33,39.64],[-7.25,39.67],[-7.15,39.65],[-7.01,39.67],[-6.98,39.77],[-6.9,39.87],[-6.89,39.98],[-6.94,40.11],[-7.02,40.18],[-6.96,40.24],[-6.86,40.27],[-6.76,40.24],[-6.67,40.26],[-6.59,40.27],[-6.44,40.37],[-6.34,40.44],[-6.23,40.49]]]]},"properties":{"name":"Extremadura"}},{"type":"Feature","geometry":{"type":"MultiPolygon","coordinates":[[[[-2.9,41.33],[-2.82,41.26],[-2.72,41.28],[-2.65,41.24],[-2.58,41.18],[-2.51,41.12],[-2.42,41.06],[-2.32,41.06],[-2.23,41.1],[-2.13,41.12],[-2.06,41.07],[-2.05,41.15],[-1.96,41.17],[-1.8,41.09],[-1.61,40.94],[-1.54,40.81],[-1.54,40.69],[-1.6,40.56],[-1.68,40.59],[-1.69,40.49],[-1.81,40.4],[-1.7,40.32],[-1.54,40.19],[-1.46,40.13],[-1.38,40.02],[-1.25,39.99],[-1.16,40.01],[-1.21,39.94],[-1.2,39.86],[-1.27,39.74],[-1.31,39.67],[-1.42,39.66],[-1.46,39.58],[-1.5,39.5],[-1.45,39.4],[-1.34,39.33],[-1.16,39.31],[-1.18,39.21],[-1.26,39.11],[-1.23,39.03],[-1.15,38.93],[-0.96,38.95],[-0.92,38.82],[-0.92,38.7],[-1.03,38.66],[-1.12,38.71],[-1.25,38.74],[-1.34,38.68],[-1.45,38.65],[-1.49,38.56],[-1.48,38.48],[-1.48,38.38],[-1.59,38.31],[-1.69,38.37],[-1.8,38.37],[-1.91,38.3],[-2.05,38.31],[-2.11,38.24],[-2.21,38.2],[-2.26,38.11],[-2.33,38.07],[-2.55,38.08],[-2.45,38.19],[-2.43,38.27],[-2.48,38.4],[-2.57,38.42],[-2.68,38.5],[-2.77,38.53],[-2.88,38.45],[-2.96,38.47],[-3.06,38.48],[-3.14,38.44],[-3.28,38.46],[-3.37,38.48],[-3.45,38.4],[-3.53,38.41],[-3.79,38.42],[-3.91,38.37],[-4.16,38.38],[-4.26,38.4],[-4.45,38.4],[-4.51,38.46],[-4.62,38.52],[-4.7,38.55],[-4.86,38.61],[-4.88,38.69],[-5,38.7],[-4.94,38.85],[-4.85,38.88],[-4.92,38.96],[-4.96,39.06],[-4.88,39.03],[-4.85,39.15],[-4.65,39.17],[-4.76,39.32],[-4.67,39.42],[-4.78,39.4],[-4.87,39.37],[-5,39.43],[-5.2,39.59],[-5.15,39.66],[-5.17,39.75],[-5.25,39.75],[-5.31,39.82],[-5.41,39.88],[-5.36,39.98],[-5.37,40.1],[-5.22,40.11],[-5.09,40.12],[-5.02,40.16],[-4.95,40.12],[-4.81,40.24],[-4.7,40.28],[-4.58,40.22],[-4.44,40.24],[-4.35,40.24],[-4.25,40.27],[-4.14,40.27],[-4.02,40.25],[-3.95,40.19],[-3.87,40.19],[-3.77,40.14],[-3.68,40.13],[-3.64,40.04],[-3.72,39.98],[-3.81,39.95],[-3.63,39.97],[-3.52,40.02],[-3.4,40.03],[-3.33,40.08],[-3.2,40.06],[-3.09,40.07],[-3.09,40.19],[-3.1,40.27],[-3.17,40.23],[-3.18,40.31],[-3.13,40.41],[-3.2,40.51],[-3.3,40.54],[-3.31,40.65],[-3.39,40.69],[-3.47,40.69],[-3.46,40.78],[-3.47,40.86],[-3.42,40.99],[-3.43,41.08],[-3.51,41.14],[-3.4,41.21],[-3.29,41.26],[-3.06,41.27],[-2.95,41.29],[-2.9,41.33]]],[[[-3.37,40.64],[-3.37,40.64]]]]},"properties":{"name":"Castilla-La Mancha"}},{"type":"Feature","geometry":{"type":"MultiPolygon","coordinates":[[[[-2.75,43.46],[-2.65,43.42],[-2.51,43.38],[-2.35,43.3],[-2.2,43.31],[-2.03,43.32],[-1.86,43.37],[-1.74,43.33],[-1.79,43.25],[-1.86,43.21],[-1.92,43.15],[-2.02,43.07],[-2.1,42.97],[-2.18,42.94],[-2.25,42.89],[-2.28,42.79],[-2.32,42.68],[-2.42,42.66],[-2.45,42.57],[-2.42,42.49],[-2.51,42.49],[-2.65,42.48],[-2.68,42.6],[-2.76,42.62],[-2.82,42.56],[-2.9,42.66],[-2.98,42.7],[-3.05,42.77],[-3.15,42.76],[-3.11,42.86],[-3.22,42.84],[-3.22,42.95],[-3.14,42.94],[-3.02,42.91],[-3.18,43.02],[-3.18,43.12],[-3.25,43.2],[-3.42,43.13],[-3.45,43.23],[-3.34,43.28],[-3.22,43.31],[-3.15,43.35],[-3.06,43.36],[-2.97,43.41],[-2.81,43.43],[-2.75,43.46]],[[-2.83,42.8],[-2.78,42.7],[-2.66,42.67],[-2.52,42.65],[-2.61,42.7],[-2.73,42.8],[-2.83,42.78],[-2.83,42.8]],[[-3.27,43.27],[-3.27,43.27]],[[-2.27,43.3],[-2.27,43.3]],[[-1.8,43.39],[-1.8,43.39]],[[-1.81,43.39],[-1.81,43.39]]],[[[-2.68,43.43],[-2.68,43.43]]],[[[-2.49,43.37],[-2.49,43.37]]],[[[-2,43.32],[-2,43.32]]],[[[-2.77,43.45],[-2.77,43.45]]],[[[-2.93,43.44],[-2.93,43.44]]],[[[-3.08,43.35],[-3.08,43.35]]],[[[-2.15,43.3],[-2.15,43.3]]],[[[-2.81,43.43],[-2.81,43.43]]],[[[-2.57,43.39],[-2.57,43.39]]],[[[-2.41,43.32],[-2.41,43.32]]],[[[-2.42,43.33],[-2.42,43.33]]],[[[-2.79,43.44],[-2.79,43.44]]],[[[-2.42,43.33],[-2.42,43.33]]],[[[-2.84,43.43],[-2.84,43.43]]],[[[-2.42,43.33],[-2.42,43.33]]],[[[-2.44,43.33],[-2.44,43.33]]],[[[-2.75,43.46],[-2.75,43.46]]],[[[-2.44,43.33],[-2.44,43.33]]],[[[-2.79,43.44],[-2.79,43.44]]],[[[-2.4,43.32],[-2.4,43.32]]],[[[-2.36,43.3],[-2.36,43.3]]],[[[-2.41,43.32],[-2.41,43.32]]],[[[-2.45,43.34],[-2.45,43.34]]],[[[-2.41,43.32],[-2.41,43.32]]],[[[-2.45,43.34],[-2.45,43.34]]],[[[-2.45,43.34],[-2.45,43.34]]],[[[-2.44,43.33],[-2.44,43.33]]],[[[-2.42,43.33],[-2.42,43.33]]],[[[-2.44,43.33],[-2.44,43.33]]],[[[-2.45,43.34],[-2.45,43.34]]]]},"properties":{"name":"Pais Vasco"}}]}
